state,city,zip,living_space,construct_year,rent,negative_sample
Baden-Wuerttemberg,Ulm,89120,152.24,1922,2006.05,0
Bayern,Aschaffenburg,63743,91.35,2028,1924.79,0
Hessen,Darmstadt,64288,116.84,1970,1433.13,0
Nordrhein-Westfalen,Bonn,53204,190.02,1950,1271.86,0
Baden-Wuerttemberg,Ulm,89142,41.67,1922,730.81,0
Nordrhein-Westfalen,Gelsenkirchen,45879,183.41,1967,572.55,0
Nordrhein-Westfalen,Essen,45131,139.35,1969,963.54,0
Nordrhein-Westfalen,Muenster,48149,48.82,1970,640.59,0
Hessen,Offenbach am Main,63075,32.35,1942,583.05,0
Bayern,Freising,85354,84.36,1965,1085.51,0
Niedersachsen,Osnabrueck,49084,180.98,1932,1553.76,0
Nordrhein-Westfalen,Koeln,50758,148.79,1969,1391.84,0
Bayern,Ingolstadt,85057,92.6,1977,1269.57,0
Bayern,Regensburg,93053,41.38,1978,597.73,0
Niedersachsen,Oldenburg,26123,186.45,1957,1158.15,0
Hessen,Hanau,63457,179.47,1949,1304.07,0
Bayern,Landshut,84032,48.64,1979,683.69,0
Nordrhein-Westfalen,Bielefeld,33682,121.77,1982,1023.62,0
Baden-Wuerttemberg,Ludwigsburg,71645,136.06,1955,1275.68,0
Bayern,Straubing,94316,61.41,1988,682.69,0
Baden-Wuerttemberg,Stuttgart,70375,142.89,1972,2037.23,0
Nordrhein-Westfalen,Koeln,50674,158.32,1938,1661.73,0
Bayern,Freising,85354,120.67,1987,1493.7,0
Hessen,Wiesbaden,61055,122.61,1951,1392.48,0
Bayern,Bamberg,96051,149.13,1993,1441.86,0
Hessen,Hanau,63456,21.39,1945,323.16,0
Bayern,Freising,85356,59.98,2011,1179.8,0
Hessen,Giessen,35393,73.14,1915,1039.34,0
Nordrhein-Westfalen,Dortmund,44272,148.39,1941,1246.49,0
Nordrhein-Westfalen,Wuppertal,42322,117.69,1954,738.76,0
Niedersachsen,Braunschweig,38105,174.69,1904,1700.92,0
Baden-Wuerttemberg,Heilbronn,74073,108.93,1950,1284.12,0
Niedersachsen,Osnabrueck,49085,152.82,1958,1085.34,0
Hessen,Darmstadt,64287,46.7,1944,792.96,0
Baden-Wuerttemberg,Pforzheim,75173,112.26,1949,928.46,0
Nordrhein-Westfalen,Muenster,48162,43.8,1960,521.09,0
Nordrhein-Westfalen,Duesseldorf,40252,61.32,1995,895.73,0
Hessen,Giessen,35398,73.63,1957,855.92,0
Niedersachsen,Osnabrueck,49083,26.19,1945,406.21,0
Niedersachsen,Hannover,30287,167.43,1966,1342.34,0
Hessen,Wiesbaden,56727,114.24,1976,1484.44,0
Hessen,Fulda,36040,77.37,1958,817.34,0
Niedersachsen,Braunschweig,38115,133.63,1923,1530.65,0
Hessen,Darmstadt,64291,193.06,1915,2039.31,0
Bayern,Kaufbeuren,87601,40.93,1964,460.89,0
Hessen,Fulda,36042,163.15,1931,1514.2,0
Nordrhein-Westfalen,Duesseldorf,40217,117.58,1991,1311.62,0
Hessen,Frankfurt am Main,60912,198.43,1949,2318.23,0
Nordrhein-Westfalen,Moenchengladbach,41226,85.82,1966,744.34,0
Nordrhein-Westfalen,Wuppertal,42212,184.6,1955,635.77,0
Nordrhein-Westfalen,Aachen,52074,149.75,1920,1570.28,0
Bayern,Landshut,84031,180.09,1994,1637.07,0
Bayern,Nuernberg,90430,155.73,2002,1989.13,0
Bayern,Aschaffenburg,63742,187.11,1998,1789.21,0
Baden-Wuerttemberg,Ludwigsburg,71647,107.48,1960,1155.1,0
Bayern,Kempten,87439,199.63,1997,1686.62,0
Hessen,Ruesselsheim am Main,65428,63.65,1936,931.57,0
Niedersachsen,Osnabrueck,49088,104.47,1923,1220.03,0
Nordrhein-Westfalen,Bonn,53221,56.81,1949,702.37,0
Nordrhein-Westfalen,Aachen,52076,47.39,1954,604.2,0
Baden-Wuerttemberg,Heidelberg,69119,163.2,1959,1636.96,0
Bayern,Bayreuth,95447,102.71,2010,1658.03,0
Hessen,Kassel,34219,171.83,1956,1033.75,0
Nordrhein-Westfalen,Bielefeld,33733,105.03,1963,882.63,0
Baden-Wuerttemberg,Reutlingen,72760,70.52,1959,750.99,0
Hessen,Giessen,35390,151.65,1949,1298.9,0
Baden-Wuerttemberg,Pforzheim,75178,89.67,1959,842.42,0
Hessen,Hanau,63454,125.96,1928,1523.05,0
Niedersachsen,Hannover,30363,124.96,1964,1265.22,0
Baden-Wuerttemberg,Heilbronn,74080,100.38,1939,1447.84,0
Hessen,Kassel,34256,144.15,1917,1337.73,0
Bayern,Bayreuth,95444,157.64,1976,1364.97,0
Nordrhein-Westfalen,Aachen,52074,112.78,1932,1347.58,0
Hessen,Frankfurt am Main,64544,151.83,1886,2521.74,0
Hessen,Kassel,34339,26.47,1971,377.0,0
Nordrhein-Westfalen,Bielefeld,33693,175.87,1933,1408.39,0
Hessen,Frankfurt am Main,64854,171.03,1945,2627.66,0
Niedersachsen,Hannover,30474,138.59,1952,1291.6,0
Bayern,Freising,85355,63.52,1997,1054.77,0
Nordrhein-Westfalen,Dortmund,44290,103.18,1960,852.66,0
Nordrhein-Westfalen,Moenchengladbach,41130,39.08,1946,512.89,0
Baden-Wuerttemberg,Esslingen am Neckar,73728,84.19,1931,1184.1,0
Hessen,Kassel,34167,130.56,1922,1366.98,0
Bayern,Straubing,94316,169.27,2006,1821.42,0
Niedersachsen,Braunschweig,38115,85.97,1932,1161.97,0
Nordrhein-Westfalen,Essen,45321,195.82,1951,677.57,0
Niedersachsen,Osnabrueck,49086,85.51,1906,1107.57,0
Bayern,Rosenheim,83025,38.34,1950,487.86,0
Bayern,Erlangen,91055,109.39,2003,1750.46,0
Hessen,Marburg,35048,94.43,1937,1319.6,0
Bayern,Muenchen,83691,46.79,1953,808.43,0
Baden-Wuerttemberg,Heidelberg,69124,43.83,1941,759.06,0
Hessen,Fulda,36037,64.18,1942,896.11,0
Niedersachsen,Goettingen,37076,132.4,1927,1568.69,0
Hessen,Giessen,35398,109.49,1922,1405.31,0
Hessen,Frankfurt am Main,62603,151.73,1931,2506.01,0
Hessen,Ruesselsheim am Main,65429,99.23,1920,1308.62,0
Nordrhein-Westfalen,Essen,45215,114.94,1982,919.52,0
Hessen,Wiesbaden,62906,90.34,1873,1389.59,0
Hessen,Offenbach am Main,63074,66.18,1925,1130.67,0
Niedersachsen,Wolfsburg,38445,77.0,1960,946.81,0
Bayern,Hof,95028,62.84,1982,520.68,0
Hessen,Marburg,35058,147.55,1948,1779.92,0
Nordrhein-Westfalen,Bonn,53192,119.58,1939,1424.75,0
Hessen,Wiesbaden,60932,86.69,1929,1328.57,0
Niedersachsen,Hannover,30578,193.19,1968,1311.02,0
Bayern,Fuerth,90763,125.74,2013,2105.16,0
Baden-Wuerttemberg,Pforzheim,75180,144.23,1971,1157.64,0
Niedersachsen,Wolfsburg,38443,110.15,1951,1192.79,0
Bayern,Passau,94035,38.05,2015,726.36,0
Nordrhein-Westfalen,Wuppertal,42137,188.95,1970,821.34,0
Nordrhein-Westfalen,Essen,45187,98.67,1955,732.66,0
Nordrhein-Westfalen,Duisburg,47223,56.39,1968,485.09,0
Nordrhein-Westfalen,Duisburg,47126,125.6,1908,1031.41,0
Bayern,Passau,94034,123.23,1994,1353.92,0
Bayern,Neu-Ulm,89231,77.2,1985,1079.43,0
Bayern,Straubing,94316,54.73,1990,664.23,0
Niedersachsen,Goettingen,37081,52.68,1941,794.48,0
Baden-Wuerttemberg,Heilbronn,74079,119.2,1926,1602.85,0
Niedersachsen,Oldenburg,26125,122.11,2000,1527.17,0
Hessen,Ruesselsheim am Main,65428,105.62,1960,1069.92,0
Hessen,Wiesbaden,58143,48.02,1957,690.72,0
Baden-Wuerttemberg,Stuttgart,70295,60.64,1959,1029.4,0
Bayern,Straubing,94315,159.31,2017,2211.01,0
Bayern,Dachau,85221,95.3,1983,1299.32,0
Bayern,Freising,85356,163.87,1981,1766.86,0
Bayern,Nuernberg,90428,35.04,1995,555.01,0
Baden-Wuerttemberg,Ludwigsburg,71668,156.54,1950,1327.77,0
Niedersachsen,Osnabrueck,49087,50.28,1934,738.66,0
Hessen,Darmstadt,64296,178.05,1946,2012.74,0
Niedersachsen,Goettingen,37080,45.65,1909,706.37,0
Hessen,Darmstadt,64296,42.78,1946,693.39,0
Bayern,Regensburg,93059,22.13,1978,345.36,0
Bayern,Memmingen,87701,120.46,1942,1309.77,0
Hessen,Ruesselsheim am Main,65429,55.35,1968,687.25,0
Niedersachsen,Osnabrueck,49085,40.95,1963,496.01,0
Nordrhein-Westfalen,Koeln,51233,186.68,1935,1734.05,0
Hessen,Ruesselsheim am Main,65429,29.77,1903,493.31,0
Niedersachsen,Goettingen,37073,72.96,1954,841.45,0
Bayern,Fuerth,90764,116.0,1982,1279.29,0
Hessen,Marburg,35081,61.26,1943,942.74,0
Baden-Wuerttemberg,Ulm,89155,106.94,1955,1351.25,0
Baden-Wuerttemberg,Heilbronn,74081,144.82,1965,1463.7,0
Bayern,Muenchen,82929,30.15,1982,582.34,0
Bayern,Ingolstadt,85056,170.57,1975,1757.51,0
Nordrhein-Westfalen,Aachen,52066,63.89,1958,747.2,0
Hessen,Giessen,35395,102.09,1931,1316.22,0
Nordrhein-Westfalen,Aachen,52062,185.23,1964,1166.58,0
Niedersachsen,Osnabrueck,49081,140.86,1943,1425.43,0
Niedersachsen,Wolfsburg,38442,175.54,1955,1420.02,0
Nordrhein-Westfalen,Muenster,48154,199.31,1974,1326.12,0
Niedersachsen,Braunschweig,38109,59.16,1969,773.31,0
Baden-Wuerttemberg,Karlsruhe,76164,183.37,1962,1356.01,0
Bayern,Aschaffenburg,63741,170.39,2014,2416.79,0
Nordrhein-Westfalen,Bochum,44788,135.55,1964,817.23,0
Baden-Wuerttemberg,Reutlingen,72767,45.36,1964,479.43,0
Nordrhein-Westfalen,Aachen,52073,67.63,1979,846.11,0
Bayern,Bayreuth,95448,198.41,2012,2507.31,0
Nordrhein-Westfalen,Gelsenkirchen,45882,167.82,1961,622.96,0
Bayern,Nuernberg,90404,47.0,2007,866.1,0
Bayern,Erlangen,91055,132.53,1995,1761.44,0
Bayern,Fuerth,90765,138.19,2012,2196.62,0
Niedersachsen,Wolfsburg,38442,198.27,1977,1572.92,0
Nordrhein-Westfalen,Essen,45285,46.25,1978,518.75,0
Baden-Wuerttemberg,Karlsruhe,76140,53.1,1990,763.62,0
Nordrhein-Westfalen,Koeln,51413,171.02,1991,1459.56,0
Hessen,Frankfurt am Main,63702,29.21,1896,612.07,0
Niedersachsen,Hildesheim,31136,184.49,1964,834.79,0
Nordrhein-Westfalen,Bonn,53200,191.6,1965,1245.06,0
Hessen,Fulda,36041,148.75,1936,1466.65,0
Niedersachsen,Osnabrueck,49084,23.54,1979,324.65,0
Nordrhein-Westfalen,Gelsenkirchen,45879,156.36,1931,1097.87,0
Hessen,Frankfurt am Main,65930,111.88,1934,2013.71,0
Bayern,Ingolstadt,85049,87.26,2037,2238.53,0
Baden-Wuerttemberg,Ludwigsburg,71650,25.28,1932,407.14,0
Niedersachsen,Osnabrueck,49082,172.02,1920,1579.68,0
Nordrhein-Westfalen,Dortmund,44375,191.61,1934,1266.23,0
Bayern,Kempten,87436,157.71,1967,1165.99,0
Nordrhein-Westfalen,Bochum,44862,22.89,1942,272.98,0
Bayern,Kempten,87439,71.79,1995,1004.24,0
Niedersachsen,Oldenburg,26123,145.37,1944,1517.75,0
Niedersachsen,Hannover,30397,64.38,1923,952.31,0
Baden-Wuerttemberg,Heidelberg,69121,58.56,1942,1005.81,0
Baden-Wuerttemberg,Pforzheim,75181,34.88,1938,461.47,0
Baden-Wuerttemberg,Pforzheim,75176,85.58,1960,830.31,0
Nordrhein-Westfalen,Gelsenkirchen,45886,135.43,1988,857.8,0
Nordrhein-Westfalen,Dortmund,44320,96.58,1988,899.95,0
Nordrhein-Westfalen,Bielefeld,33612,102.6,1960,885.09,0
Niedersachsen,Wolfsburg,38442,78.16,1945,1149.51,0
Nordrhein-Westfalen,Essen,45281,110.35,1927,1100.08,0
Nordrhein-Westfalen,Wuppertal,42146,47.54,1977,508.62,0
Bayern,Rosenheim,83026,24.69,2043,659.43,0
Baden-Wuerttemberg,Mannheim,68227,113.39,1958,1163.53,0
Baden-Wuerttemberg,Freiburg im Breisgau,79103,83.19,1963,1248.67,0
Baden-Wuerttemberg,Tuebingen,72074,188.19,2003,1993.79,0
Baden-Wuerttemberg,Karlsruhe,76204,118.03,1982,1331.8,0
Hessen,Frankfurt am Main,61544,197.8,1955,2354.49,0
Hessen,Wiesbaden,62146,74.55,1965,1014.37,0
Baden-Wuerttemberg,Heilbronn,74079,115.43,1929,1630.46,0
Nordrhein-Westfalen,Wuppertal,42367,134.19,1960,769.64,0
Baden-Wuerttemberg,Mannheim,68258,41.7,1961,560.33,0
Bayern,Straubing,94316,52.61,1934,676.72,0
Baden-Wuerttemberg,Heilbronn,74072,157.11,1990,1679.12,0
Niedersachsen,Hannover,30181,62.58,1931,961.85,0
Bayern,Dachau,85221,122.33,2002,1884.45,0
Niedersachsen,Wolfsburg,38443,113.31,1952,1182.61,0
Baden-Wuerttemberg,Freiburg im Breisgau,79108,116.3,1941,1873.76,0
Hessen,Marburg,35076,198.16,1913,1897.73,0
Hessen,Hanau,63455,23.99,1935,373.58,0
Niedersachsen,Goettingen,37079,51.87,1922,803.79,0
Nordrhein-Westfalen,Gelsenkirchen,45892,100.64,1985,760.67,0
Niedersachsen,Goettingen,37085,24.85,1972,387.51,0
Nordrhein-Westfalen,Moenchengladbach,41152,149.14,1956,782.63,0
Niedersachsen,Hannover,30348,106.32,1964,1170.42,0
Nordrhein-Westfalen,Bielefeld,33619,127.74,1924,1267.97,0
Bayern,Kaufbeuren,87600,30.5,1989,375.5,0
Bayern,Muenchen,80390,81.5,1960,1282.3,0
Baden-Wuerttemberg,Heilbronn,74073,193.47,1927,2003.96,0
Nordrhein-Westfalen,Dortmund,44285,73.13,1965,673.75,0
Baden-Wuerttemberg,Reutlingen,72761,154.35,1948,1348.36,0
Niedersachsen,Braunschweig,38103,195.67,1952,1260.94,0
Bayern,Kempten,87435,186.72,1988,1362.68,0
Niedersachsen,Hannover,30340,21.14,1919,396.95,0
Hessen,Wiesbaden,64170,73.94,1936,1203.08,0
Baden-Wuerttemberg,Karlsruhe,76181,149.87,1972,1480.66,0
Baden-Wuerttemberg,Heilbronn,74075,120.8,1961,1305.81,0
Bayern,Passau,94033,51.13,1998,774.32,0
Nordrhein-Westfalen,Aachen,52070,192.53,1974,1376.51,0
Baden-Wuerttemberg,Tuebingen,72071,20.38,1960,264.38,0
Nordrhein-Westfalen,Dortmund,44267,24.2,1968,252.59,0
Niedersachsen,Oldenburg,26126,100.89,1957,1013.13,0
Niedersachsen,Braunschweig,38126,129.04,1922,1526.57,0
Hessen,Ruesselsheim am Main,65429,63.36,1914,944.4,0
Baden-Wuerttemberg,Esslingen am Neckar,73728,161.45,1969,1473.77,0
Baden-Wuerttemberg,Ulm,89111,84.14,1967,1142.51,0
Baden-Wuerttemberg,Ludwigsburg,71642,23.15,1959,342.77,0
Baden-Wuerttemberg,Heidelberg,69122,90.01,1932,1416.22,0
Bayern,Landshut,84035,115.89,2028,2361.36,0
Hessen,Marburg,35059,42.02,1964,579.8,0
Niedersachsen,Braunschweig,38117,55.13,1931,823.78,0
Nordrhein-Westfalen,Muenster,48154,155.97,1957,1122.7,0
Nordrhein-Westfalen,Duesseldorf,40626,172.84,1971,1457.31,0
Niedersachsen,Hannover,30175,125.71,1942,1559.46,0
Baden-Wuerttemberg,Karlsruhe,76199,195.63,1976,1562.32,0
Niedersachsen,Braunschweig,38115,139.76,1900,1570.81,0
Baden-Wuerttemberg,Esslingen am Neckar,73731,86.84,2014,1623.87,0
Bayern,Hof,95028,91.95,1976,681.78,0
Bayern,Bamberg,96048,145.48,2035,3007.58,0
Nordrhein-Westfalen,Wuppertal,42138,158.51,1929,1115.8,0
Baden-Wuerttemberg,Ulm,89132,114.63,1928,1702.69,0
Niedersachsen,Braunschweig,38119,113.72,1911,1406.45,0
Bayern,Kaufbeuren,87600,196.81,2008,1917.11,0
Niedersachsen,Osnabrueck,49090,72.01,1936,990.68,0
Nordrhein-Westfalen,Bochum,44821,146.23,1946,1178.42,0
Hessen,Ruesselsheim am Main,65428,144.32,1944,1616.26,0
Bayern,Landshut,84029,26.47,1963,378.52,0
Niedersachsen,Braunschweig,38118,163.87,1948,1686.71,0
Baden-Wuerttemberg,Pforzheim,75180,32.99,1983,410.99,0
Niedersachsen,Goettingen,37081,37.29,1943,613.14,0
Baden-Wuerttemberg,Ludwigsburg,71660,70.41,1950,813.11,0
Hessen,Hanau,63451,181.29,1945,1800.68,0
Bayern,Ingolstadt,85050,48.49,2022,1145.36,0
Baden-Wuerttemberg,Ulm,89092,146.89,1989,1773.89,0
Hessen,Ruesselsheim am Main,65429,62.7,1938,893.77,0
Hessen,Kassel,34235,47.7,1944,660.25,0
Nordrhein-Westfalen,Bielefeld,33670,46.46,1927,610.76,0
Nordrhein-Westfalen,Bonn,53186,194.45,1910,1760.76,0
Hessen,Wiesbaden,58134,188.94,1967,1608.73,0
Hessen,Darmstadt,64297,32.16,1943,551.73,0
Nordrhein-Westfalen,Duesseldorf,40305,44.1,1945,660.42,0
Niedersachsen,Hannover,30280,57.55,1949,750.36,0
Bayern,Memmingen,87702,96.57,1986,1006.66,0
Bayern,Schweinfurt,97422,66.72,1986,691.05,0
Baden-Wuerttemberg,Heilbronn,74072,61.44,1931,987.07,0
Niedersachsen,Braunschweig,38107,155.32,1940,1611.21,0
Baden-Wuerttemberg,Tuebingen,72071,83.05,1947,1135.92,0
Niedersachsen,Braunschweig,38122,152.58,1945,1658.37,0
Bayern,Augsburg,86175,28.76,1984,447.67,0
Nordrhein-Westfalen,Gelsenkirchen,45887,126.84,1983,856.09,0
Hessen,Kassel,34274,29.69,1914,406.4,0
Nordrhein-Westfalen,Bochum,44801,22.33,1946,264.94,0
Hessen,Offenbach am Main,63075,55.49,1927,955.97,0
Nordrhein-Westfalen,Duisburg,47141,142.16,1973,830.25,0
Bayern,Rosenheim,83022,177.08,1959,1171.13,0
Baden-Wuerttemberg,Tuebingen,72076,130.83,1967,1161.66,0
Nordrhein-Westfalen,Dortmund,44374,150.95,1946,1260.93,0
Bayern,Muenchen,82973,149.05,2000,2377.71,0
Niedersachsen,Hannover,30554,172.78,1946,1806.11,0
Niedersachsen,Wolfsburg,38444,32.25,1935,525.0,0
Baden-Wuerttemberg,Karlsruhe,76208,189.57,1968,1346.32,0
Baden-Wuerttemberg,Pforzheim,75181,183.82,1926,1448.32,0
Nordrhein-Westfalen,Bonn,53130,61.91,1965,713.42,0
Bayern,Augsburg,86182,134.87,2035,2980.15,0
Bayern,Kempten,87435,40.63,1970,550.58,0
Niedersachsen,Goettingen,37083,48.46,1921,763.86,0
Niedersachsen,Braunschweig,38106,29.8,1964,374.81,0
Niedersachsen,Goettingen,37083,171.59,1958,1274.85,0
Baden-Wuerttemberg,Heidelberg,69118,41.36,1971,661.58,0
Baden-Wuerttemberg,Reutlingen,72768,37.61,1964,449.82,0
Nordrhein-Westfalen,Wuppertal,42258,31.65,1958,305.61,0
Baden-Wuerttemberg,Heilbronn,74077,189.57,1947,2032.4,0
Baden-Wuerttemberg,Pforzheim,75172,122.36,1971,1107.12,0
Bayern,Rosenheim,83024,38.51,1995,587.09,0
Nordrhein-Westfalen,Muenster,48150,164.75,1972,1318.25,0
Bayern,Ingolstadt,85054,154.96,1967,1562.67,0
Bayern,Regensburg,93050,142.8,1964,1384.93,0
Baden-Wuerttemberg,Tuebingen,72074,46.78,1929,714.69,0
Hessen,Offenbach am Main,63075,50.49,1915,877.66,0
Bayern,Regensburg,93054,66.69,1999,1109.53,0
Hessen,Frankfurt am Main,62241,96.72,1951,1566.0,0
Nordrhein-Westfalen,Duisburg,47066,196.4,1956,550.54,0
Hessen,Wiesbaden,56903,32.49,1938,558.43,0
Nordrhein-Westfalen,Bochum,44834,92.69,1959,722.09,0
Nordrhein-Westfalen,Bielefeld,33681,169.19,1993,1296.39,0
Niedersachsen,Goettingen,37081,62.68,1922,907.71,0
Niedersachsen,Goettingen,37078,103.36,1945,1344.2,0
Baden-Wuerttemberg,Pforzheim,75181,68.02,1945,885.08,0
Bayern,Memmingen,87701,103.17,1996,1215.15,0
Bayern,Bayreuth,95445,155.86,2006,2007.46,0
Niedersachsen,Oldenburg,26129,119.78,1942,1347.37,0
Niedersachsen,Braunschweig,38102,43.56,1963,539.9,0
Nordrhein-Westfalen,Moenchengladbach,41194,31.02,1931,422.02,0
Bayern,Passau,94036,178.38,1958,1171.34,0
Nordrhein-Westfalen,Moenchengladbach,41236,145.3,1988,952.88,0
Nordrhein-Westfalen,Gelsenkirchen,45887,21.11,1957,238.47,0
Bayern,Fuerth,90762,138.45,1981,1420.93,0
Niedersachsen,Hannover,30474,53.44,1980,750.29,0
Nordrhein-Westfalen,Duesseldorf,40484,131.78,1951,1197.9,0
Nordrhein-Westfalen,Dortmund,44328,85.54,1929,918.23,0
Niedersachsen,Goettingen,37077,85.99,1972,1025.58,0
Baden-Wuerttemberg,Stuttgart,70241,131.11,1944,2156.11,0
Niedersachsen,Oldenburg,26126,30.21,1988,426.79,0
Niedersachsen,Hildesheim,31136,173.01,1973,1066.09,0
Baden-Wuerttemberg,Tuebingen,72071,150.63,1994,1530.39,0
Baden-Wuerttemberg,Esslingen am Neckar,73732,135.01,1960,1176.42,0
Nordrhein-Westfalen,Essen,45261,30.62,1939,402.46,0
Nordrhein-Westfalen,Bochum,44811,73.59,1963,645.38,0
Niedersachsen,Goettingen,37075,181.96,1930,1792.81,0
Hessen,Darmstadt,64288,53.77,1916,894.32,0
Nordrhein-Westfalen,Duisburg,47198,114.4,1982,817.49,0
Baden-Wuerttemberg,Esslingen am Neckar,73734,139.47,1966,1240.4,0
Hessen,Frankfurt am Main,61174,73.76,1960,1276.46,0
Hessen,Wiesbaden,55936,30.55,1983,521.41,0
Baden-Wuerttemberg,Esslingen am Neckar,73728,35.68,1931,531.61,0
Bayern,Hof,95031,120.89,1990,746.93,0
Baden-Wuerttemberg,Ulm,89104,37.23,1971,603.81,0
Niedersachsen,Goettingen,37073,63.85,1979,853.21,0
Hessen,Darmstadt,64295,172.44,1932,1990.49,0
Baden-Wuerttemberg,Ludwigsburg,71637,94.97,1964,1029.37,0
Niedersachsen,Hannover,30319,66.1,1955,822.78,0
Niedersachsen,Braunschweig,38124,184.68,1918,1692.21,0
Niedersachsen,Wolfsburg,38443,83.57,1977,1082.87,0
Nordrhein-Westfalen,Koeln,50701,58.72,1954,711.53,0
Baden-Wuerttemberg,Freiburg im Breisgau,79110,199.08,1982,2226.29,0
Baden-Wuerttemberg,Pforzheim,75179,171.77,1945,1427.36,0
Nordrhein-Westfalen,Bielefeld,33709,49.71,1953,531.3,0
Niedersachsen,Wolfsburg,38440,164.76,1926,1778.86,0
Bayern,Rosenheim,83026,132.76,2015,2154.05,0
Nordrhein-Westfalen,Essen,45356,70.75,1968,621.68,0
Hessen,Marburg,35081,44.89,1914,713.61,0
Bayern,Hof,95028,135.98,2000,1113.15,0
Nordrhein-Westfalen,Aachen,52071,43.98,1970,618.89,0
Bayern,Regensburg,93055,150.2,2008,2283.66,0
Baden-Wuerttemberg,Reutlingen,72764,57.38,1920,701.09,0
Bayern,Nuernberg,90441,60.81,1977,818.2,0
Hessen,Wiesbaden,55641,172.34,1925,2004.74,0
Niedersachsen,Osnabrueck,49089,192.46,1942,1568.88,0
Niedersachsen,Oldenburg,26123,69.92,1924,984.01,0
Baden-Wuerttemberg,Reutlingen,72766,21.45,1975,281.53,0
Nordrhein-Westfalen,Moenchengladbach,41131,30.46,1937,403.45,0
Niedersachsen,Braunschweig,38108,125.61,1915,1464.41,0
Niedersachsen,Wolfsburg,38447,185.12,2003,2169.03,0
Baden-Wuerttemberg,Tuebingen,72073,86.02,1967,927.3,0
Hessen,Kassel,34202,110.76,1965,962.49,0
Baden-Wuerttemberg,Freiburg im Breisgau,79100,195.11,1938,2511.0,0
Niedersachsen,Hannover,30363,92.3,1958,1063.93,0
Bayern,Passau,94032,54.15,1994,745.4,0
Bayern,Nuernberg,90428,153.11,2000,1858.4,0
Bayern,Kempten,87437,128.07,1990,1279.93,0
Bayern,Neu-Ulm,89233,42.17,2002,791.33,0
Bayern,Dachau,85222,28.67,1998,540.41,0
Baden-Wuerttemberg,Pforzheim,75175,75.52,1966,743.38,0
Baden-Wuerttemberg,Heilbronn,74078,101.19,1963,1200.14,0
Bayern,Memmingen,87702,51.79,1988,637.25,0
Nordrhein-Westfalen,Dortmund,44262,65.91,1934,751.46,0
Bayern,Kempten,87436,28.11,2018,614.83,0
Baden-Wuerttemberg,Pforzheim,75173,105.9,1949,925.87,0
Nordrhein-Westfalen,Bochum,44858,68.8,1968,597.81,0
Baden-Wuerttemberg,Freiburg im Breisgau,79099,54.5,1964,902.17,0
Niedersachsen,Hildesheim,31138,145.08,1960,916.6,0
Hessen,Hanau,63452,122.97,1953,1175.72,0
Bayern,Aschaffenburg,63742,66.53,1961,700.3,0
Hessen,Ruesselsheim am Main,65429,59.44,1957,740.83,0
Niedersachsen,Wolfsburg,38441,46.16,1930,779.18,0
Baden-Wuerttemberg,Esslingen am Neckar,73729,129.05,2012,2022.28,0
Bayern,Dachau,85222,39.51,1933,721.64,0
Nordrhein-Westfalen,Koeln,51012,35.43,1965,478.85,0
Niedersachsen,Osnabrueck,49083,161.52,1980,1262.65,0
Niedersachsen,Oldenburg,26126,136.87,1966,1135.34,0
Hessen,Frankfurt am Main,65196,107.39,1954,1741.9,0
Hessen,Fulda,36041,147.49,1977,1249.7,0
Bayern,Kempten,87435,85.19,1975,961.63,0
Niedersachsen,Hannover,30322,178.37,1940,1815.45,0
Nordrhein-Westfalen,Muenster,48160,170.22,1946,1611.79,0
Nordrhein-Westfalen,Moenchengladbach,41081,56.72,1947,652.2,0
Niedersachsen,Hildesheim,31140,146.62,1943,1228.96,0
Baden-Wuerttemberg,Esslingen am Neckar,73731,129.6,1985,1305.93,0
Hessen,Offenbach am Main,63072,86.76,1921,1410.35,0
Nordrhein-Westfalen,Bochum,44787,95.2,1980,825.99,0
Nordrhein-Westfalen,Essen,45261,139.42,1961,824.49,0
Baden-Wuerttemberg,Ludwigsburg,71658,29.46,1977,415.19,0
Baden-Wuerttemberg,Heidelberg,69117,61.28,1954,856.58,0
Niedersachsen,Oldenburg,26121,70.06,1967,815.29,0
Nordrhein-Westfalen,Bonn,53111,94.32,1957,997.83,0
Niedersachsen,Wolfsburg,38447,179.05,1921,1839.48,0
Nordrhein-Westfalen,Bochum,44858,165.93,1962,738.27,0
Nordrhein-Westfalen,Wuppertal,42250,36.04,1947,439.62,0
Nordrhein-Westfalen,Duisburg,47139,114.02,1922,1012.08,0
Niedersachsen,Goettingen,37075,172.82,1939,1732.9,0
Baden-Wuerttemberg,Karlsruhe,76206,60.57,1940,923.88,0
Niedersachsen,Osnabrueck,49078,64.32,1970,790.88,0
Hessen,Frankfurt am Main,60769,122.84,1934,2157.21,0
Niedersachsen,Hildesheim,31139,49.8,1972,564.58,0
Nordrhein-Westfalen,Wuppertal,42396,40.05,1987,414.14,0
Hessen,Fulda,36043,54.24,1964,599.86,0
Nordrhein-Westfalen,Essen,45153,126.4,1967,781.66,0
Nordrhein-Westfalen,Dortmund,44232,171.26,1977,1042.73,0
Baden-Wuerttemberg,Reutlingen,72769,40.63,1997,576.5,0
Baden-Wuerttemberg,Pforzheim,75178,31.08,1937,451.08,0
Niedersachsen,Hannover,30553,165.66,1980,1503.31,0
Baden-Wuerttemberg,Stuttgart,70325,98.35,1949,1490.14,0
Hessen,Kassel,34266,52.82,1907,724.83,0
Niedersachsen,Oldenburg,26130,181.61,1970,1360.98,0
Baden-Wuerttemberg,Pforzheim,75175,182.88,1942,1468.19,0
Niedersachsen,Oldenburg,26126,151.32,1942,1598.0,0
Niedersachsen,Goettingen,37082,108.94,1927,1360.21,0
Baden-Wuerttemberg,Ludwigsburg,71664,64.05,1917,936.58,0
Bayern,Augsburg,86166,40.49,1976,657.88,0
Nordrhein-Westfalen,Muenster,48152,86.15,1999,1191.29,0
Bayern,Augsburg,86193,188.82,1966,1421.33,0
Baden-Wuerttemberg,Karlsruhe,76131,133.09,1924,1592.46,0
Bayern,Neu-Ulm,89231,95.51,1985,1257.92,0
Nordrhein-Westfalen,Koeln,50792,125.56,1948,1505.42,0
Niedersachsen,Braunschweig,38108,190.83,1981,1419.72,0
Bayern,Fuerth,90768,89.63,1997,1249.23,0
Baden-Wuerttemberg,Tuebingen,72071,111.96,1973,1193.91,0
Hessen,Darmstadt,64287,176.38,1937,2065.33,0
Niedersachsen,Oldenburg,26123,120.8,1956,1110.18,0
Niedersachsen,Goettingen,37076,24.94,1918,383.24,0
Hessen,Giessen,35391,139.04,1914,1599.86,0
Baden-Wuerttemberg,Heidelberg,69115,106.65,1967,1347.21,0
Nordrhein-Westfalen,Bonn,53168,183.69,1973,1478.05,0
Hessen,Fulda,36038,179.55,1973,1260.91,0
Nordrhein-Westfalen,Moenchengladbach,41226,42.94,1939,522.89,0
Baden-Wuerttemberg,Freiburg im Breisgau,79104,151.23,1961,1850.68,0
Baden-Wuerttemberg,Ludwigsburg,71646,115.14,1966,1138.47,0
Bayern,Schweinfurt,97423,142.63,1971,966.64,0
Niedersachsen,Osnabrueck,49083,41.42,1931,558.17,0
Niedersachsen,Wolfsburg,38442,37.29,1979,560.22,0
Hessen,Ruesselsheim am Main,65428,79.88,1923,1091.97,0
Nordrhein-Westfalen,Gelsenkirchen,45884,59.96,1945,682.11,0
Bayern,Freising,85355,163.34,1990,1762.75,0
Hessen,Frankfurt am Main,62600,110.55,1901,2000.1,0
Hessen,Ruesselsheim am Main,65428,121.11,1976,1297.68,0
Nordrhein-Westfalen,Koeln,50830,66.4,1981,868.61,0
Nordrhein-Westfalen,Duisburg,47118,42.95,1984,482.56,0
Baden-Wuerttemberg,Karlsruhe,76158,144.71,1959,1309.47,0
Bayern,Neu-Ulm,89231,40.63,2009,840.9,0
Niedersachsen,Braunschweig,38125,105.31,1948,1309.06,0
Nordrhein-Westfalen,Moenchengladbach,41189,117.39,1981,919.28,0
Hessen,Darmstadt,64284,127.52,1933,1736.12,0
Niedersachsen,Goettingen,37079,62.43,1942,896.15,0
Baden-Wuerttemberg,Stuttgart,70243,172.29,1962,2061.31,0
Bayern,Passau,94036,26.8,2002,447.63,0
Nordrhein-Westfalen,Bonn,53173,78.33,1949,904.36,0
Niedersachsen,Hildesheim,31140,47.02,1940,627.17,0
Nordrhein-Westfalen,Bielefeld,33697,84.08,1900,999.37,0
Baden-Wuerttemberg,Karlsruhe,76203,185.23,1954,1370.6,0
Niedersachsen,Hildesheim,31138,193.62,1946,1354.96,0
Bayern,Rosenheim,83026,100.51,2014,1684.1,0
Niedersachsen,Wolfsburg,38445,169.02,1964,1395.42,0
Nordrhein-Westfalen,Essen,45247,79.43,1996,869.14,0
Niedersachsen,Braunschweig,38105,115.84,1948,1423.91,0
Bayern,Neu-Ulm,89233,193.26,1986,1788.51,0
Bayern,Kaufbeuren,87601,142.12,2005,1600.71,0
Niedersachsen,Goettingen,37073,81.58,1924,1125.29,0
Hessen,Frankfurt am Main,61955,126.56,1929,2211.08,0
Baden-Wuerttemberg,Mannheim,68221,196.05,1951,1287.91,0
Hessen,Marburg,35089,116.96,1899,1505.47,0
Niedersachsen,Hildesheim,31141,112.36,1942,1124.12,0
Nordrhein-Westfalen,Moenchengladbach,41235,21.98,1959,229.8,0
Nordrhein-Westfalen,Duesseldorf,40573,99.59,1952,1048.21,0
Nordrhein-Westfalen,Bielefeld,33661,102.66,1927,1143.93,0
Bayern,Neu-Ulm,89231,158.53,2009,2496.87,0
Niedersachsen,Osnabrueck,49077,76.17,1972,893.45,0
Niedersachsen,Osnabrueck,49081,103.76,1919,1220.18,0
Niedersachsen,Braunschweig,38114,49.33,1954,597.94,0
Nordrhein-Westfalen,Bielefeld,33737,135.11,1926,1284.52,0
Bayern,Schweinfurt,97424,80.36,1991,792.73,0
Bayern,Bamberg,96051,55.79,1983,720.83,0
Bayern,Kempten,87435,143.04,1970,1315.13,0
Hessen,Marburg,35072,187.53,1947,1871.01,0
Baden-Wuerttemberg,Esslingen am Neckar,73733,166.5,1957,1275.21,0
Bayern,Bayreuth,95445,111.33,2006,1643.13,0
Bayern,Aschaffenburg,63742,181.71,2005,2126.37,0
Niedersachsen,Braunschweig,38122,191.72,1945,1704.82,0
Niedersachsen,Hildesheim,31135,153.38,1935,1285.62,0
Hessen,Fulda,36041,77.16,1953,800.09,0
Nordrhein-Westfalen,Duisburg,47192,118.69,1958,698.12,0
Baden-Wuerttemberg,Tuebingen,72074,50.77,1951,617.45,0
Bayern,Rosenheim,83022,67.75,2011,1205.35,0
Hessen,Wiesbaden,64571,48.31,1942,847.73,0
Baden-Wuerttemberg,Karlsruhe,76217,25.1,1993,404.86,0
Baden-Wuerttemberg,Freiburg im Breisgau,79101,180.89,1951,1944.14,0
Niedersachsen,Oldenburg,26124,191.49,1975,1333.35,0
Nordrhein-Westfalen,Duisburg,47133,23.17,1949,190.21,0
Hessen,Fulda,36037,153.16,1983,1267.16,0
Niedersachsen,Oldenburg,26129,34.39,1978,471.7,0
Baden-Wuerttemberg,Tuebingen,72073,57.25,1942,827.82,0
Bayern,Landshut,84031,122.78,1968,1197.77,0
Nordrhein-Westfalen,Moenchengladbach,41062,187.39,1993,1023.0,0
Niedersachsen,Hannover,30339,142.18,1931,1646.88,0
Nordrhein-Westfalen,Wuppertal,42166,116.48,1953,742.52,0
Hessen,Marburg,35087,58.73,1923,935.32,0
Baden-Wuerttemberg,Heidelberg,69118,164.44,1948,2048.07,0
Nordrhein-Westfalen,Dortmund,44184,122.5,1951,898.79,0
Baden-Wuerttemberg,Pforzheim,75180,192.0,1973,1154.62,0
Niedersachsen,Wolfsburg,38441,77.36,1956,951.99,0
Baden-Wuerttemberg,Esslingen am Neckar,73728,24.62,1972,350.52,0
Nordrhein-Westfalen,Koeln,51216,189.92,1928,1717.66,0
Bayern,Hof,95029,23.95,2010,325.41,0
Hessen,Darmstadt,64288,122.15,1925,1676.47,0
Hessen,Giessen,35391,102.67,1934,1297.77,0
Nordrhein-Westfalen,Gelsenkirchen,45891,187.62,1970,749.89,0
Baden-Wuerttemberg,Freiburg im Breisgau,79099,115.43,1973,1694.36,0
Nordrhein-Westfalen,Wuppertal,42371,23.27,1945,314.18,0
Bayern,Wuerzburg,97084,62.54,1974,875.15,0
Bayern,Passau,94032,56.25,1962,661.29,0
Niedersachsen,Oldenburg,26121,85.02,1968,900.91,0
Bayern,Bamberg,96052,159.12,1974,1367.76,0
Nordrhein-Westfalen,Bochum,44832,120.15,1976,913.95,0
Nordrhein-Westfalen,Essen,45271,34.07,1946,429.98,0
Hessen,Fulda,36041,196.76,1968,1033.63,0
Hessen,Wiesbaden,58813,38.22,1902,657.25,0
Baden-Wuerttemberg,Heidelberg,69125,175.73,1937,2158.17,0
Baden-Wuerttemberg,Heidelberg,69120,176.68,1959,1661.79,0
Nordrhein-Westfalen,Aachen,52077,96.46,1984,1080.7,0
Hessen,Giessen,35390,98.05,1916,1301.5,0
Niedersachsen,Wolfsburg,38441,192.71,1961,1376.63,0
Bayern,Wuerzburg,97071,97.45,2009,1681.37,0
Niedersachsen,Goettingen,37082,196.98,1945,1753.78,0
Niedersachsen,Osnabrueck,49079,92.84,1975,995.28,0
Niedersachsen,Oldenburg,26126,62.04,1944,877.27,0
Baden-Wuerttemberg,Freiburg im Breisgau,79109,144.61,1942,2174.64,0
Nordrhein-Westfalen,Duisburg,47111,175.17,1961,631.02,0
Baden-Wuerttemberg,Heilbronn,74072,90.71,1914,1362.77,0
Bayern,Freising,85355,44.14,1984,681.79,0
Bayern,Bayreuth,95447,199.86,1988,1390.16,0
Hessen,Frankfurt am Main,62138,101.03,1954,1583.74,0
Nordrhein-Westfalen,Gelsenkirchen,45879,55.3,1973,563.69,0
Nordrhein-Westfalen,Aachen,52071,73.19,1962,824.61,0
Bayern,Bamberg,96051,140.29,1979,1302.71,0
Baden-Wuerttemberg,Pforzheim,75174,156.35,1959,1053.34,0
Niedersachsen,Braunschweig,38126,172.27,1944,1698.03,0
Bayern,Schweinfurt,97424,116.07,1975,926.07,0
Baden-Wuerttemberg,Ulm,89109,161.26,2023,3172.74,0
Hessen,Offenbach am Main,63070,156.6,1915,2034.59,0
Hessen,Offenbach am Main,63065,167.03,1943,2112.85,0
Bayern,Passau,94034,61.84,1993,826.16,0
Baden-Wuerttemberg,Heilbronn,74073,143.85,1952,1440.77,0
Nordrhein-Westfalen,Moenchengladbach,41103,116.59,1939,1085.21,0
Nordrhein-Westfalen,Muenster,48158,96.74,1962,938.94,0
Bayern,Schweinfurt,97421,191.25,1964,738.09,0
Hessen,Wiesbaden,60687,66.01,1919,1082.39,0
Baden-Wuerttemberg,Tuebingen,72072,30.65,1916,485.17,0
Nordrhein-Westfalen,Bonn,53206,25.36,1953,319.99,0
Nordrhein-Westfalen,Muenster,48156,144.24,1932,1479.79,0
Hessen,Kassel,34216,111.24,1911,1239.17,0
Baden-Wuerttemberg,Pforzheim,75173,196.69,1944,1471.73,0
Baden-Wuerttemberg,Pforzheim,75175,176.2,1961,1033.05,0
Niedersachsen,Hannover,30221,33.37,1921,581.19,0
Niedersachsen,Hildesheim,31134,165.62,1964,894.54,0
Nordrhein-Westfalen,Koeln,50898,184.27,1921,1731.78,0
Baden-Wuerttemberg,Ludwigsburg,71664,84.41,1935,1155.62,0
Baden-Wuerttemberg,Tuebingen,72072,30.19,1956,373.73,0
Nordrhein-Westfalen,Muenster,48164,132.21,1942,1467.58,0
Nordrhein-Westfalen,Gelsenkirchen,45894,45.48,1983,441.34,0
Bayern,Muenchen,82505,48.18,1996,962.2,0
Bayern,Neu-Ulm,89232,113.62,1990,1431.76,0
Nordrhein-Westfalen,Wuppertal,42113,161.09,1991,918.32,0
Hessen,Fulda,36039,171.95,1971,1304.9,0
Baden-Wuerttemberg,Mannheim,68165,91.67,1974,1116.65,0
Bayern,Schweinfurt,97422,93.09,2015,1428.51,0
Nordrhein-Westfalen,Gelsenkirchen,45882,174.22,1964,650.03,0
Hessen,Ruesselsheim am Main,65429,90.39,1914,1199.94,0
Bayern,Augsburg,86164,185.28,1978,1676.74,0
Nordrhein-Westfalen,Koeln,51438,29.35,1964,391.55,0
Hessen,Frankfurt am Main,63189,152.68,1948,2445.36,0
Baden-Wuerttemberg,Esslingen am Neckar,73728,81.9,1972,993.15,0
Baden-Wuerttemberg,Stuttgart,70445,129.01,1949,1771.62,0
Hessen,Darmstadt,64289,129.26,1948,1746.04,0
Hessen,Ruesselsheim am Main,65428,32.87,1920,511.38,0
Bayern,Dachau,85222,86.32,2029,2025.25,0
Baden-Wuerttemberg,Tuebingen,72075,190.7,1977,1410.8,0
Bayern,Bayreuth,95446,66.38,1981,819.1,0
Niedersachsen,Goettingen,37074,179.21,1981,1459.54,0
Nordrhein-Westfalen,Essen,45280,141.97,1966,834.91,0
Niedersachsen,Braunschweig,38106,131.2,1941,1523.84,0
Hessen,Hanau,63454,158.65,1943,1702.25,0
Niedersachsen,Osnabrueck,49076,56.84,1954,676.83,0
Hessen,Offenbach am Main,63066,36.03,1908,667.04,0
Hessen,Frankfurt am Main,60338,162.61,1923,2559.86,0
Bayern,Freising,85354,106.31,1972,1398.44,0
Nordrhein-Westfalen,Moenchengladbach,41098,163.48,1960,787.02,0
Baden-Wuerttemberg,Esslingen am Neckar,73730,22.91,2017,494.05,0
Nordrhein-Westfalen,Muenster,48166,72.09,1966,812.35,0
Hessen,Ruesselsheim am Main,65428,74.88,1925,1018.41,0
Bayern,Passau,94032,36.96,1987,517.19,0
Baden-Wuerttemberg,Esslingen am Neckar,73733,78.67,1951,897.56,0
Baden-Wuerttemberg,Pforzheim,75177,95.7,1947,1090.16,0
Nordrhein-Westfalen,Moenchengladbach,41163,173.75,1964,769.01,0
Hessen,Hanau,63456,139.88,1938,1616.55,0
Bayern,Regensburg,93048,67.3,1992,1001.57,0
Nordrhein-Westfalen,Essen,45210,34.3,1963,355.46,0
Bayern,Freising,85354,53.2,1970,836.87,0
Hessen,Kassel,34282,132.41,1968,1026.69,0
Baden-Wuerttemberg,Pforzheim,75176,134.7,1973,1155.33,0
Niedersachsen,Oldenburg,26127,88.09,1954,927.16,0
Nordrhein-Westfalen,Duisburg,47260,96.75,1990,801.65,0
Nordrhein-Westfalen,Gelsenkirchen,45885,190.66,1977,717.56,0
Baden-Wuerttemberg,Mannheim,68272,183.31,1948,1764.79,0
Baden-Wuerttemberg,Ludwigsburg,71670,47.18,1956,599.89,0
Nordrhein-Westfalen,Gelsenkirchen,45888,30.78,1952,290.1,0
Bayern,Memmingen,87700,150.59,1984,1228.21,0
Niedersachsen,Oldenburg,26135,87.1,1969,1040.93,0
Niedersachsen,Goettingen,37076,139.71,1948,1590.3,0
Baden-Wuerttemberg,Freiburg im Breisgau,79113,132.46,1930,2033.47,0
Baden-Wuerttemberg,Karlsruhe,76170,173.84,1936,1803.46,0
Bayern,Schweinfurt,97422,91.95,2004,1143.8,0
Nordrhein-Westfalen,Bielefeld,33705,140.39,1940,1321.47,0
Niedersachsen,Hannover,30429,75.02,1920,1099.88,0
Hessen,Darmstadt,64285,108.99,1961,1263.6,0
Bayern,Freising,85356,161.78,1997,2018.53,0
Baden-Wuerttemberg,Tuebingen,72076,98.48,1941,1268.33,0
Nordrhein-Westfalen,Gelsenkirchen,45879,33.26,1960,299.23,0
Nordrhein-Westfalen,Koeln,51209,130.22,1973,1321.67,0
Hessen,Marburg,35060,84.49,1917,1209.6,0
Bayern,Straubing,94316,74.05,1993,842.65,0
Bayern,Straubing,94316,139.28,1975,1116.04,0
Baden-Wuerttemberg,Ludwigsburg,71647,25.15,1952,370.28,0
Hessen,Offenbach am Main,63072,38.01,1917,687.41,0
Hessen,Hanau,63454,59.28,1949,730.91,0
Niedersachsen,Braunschweig,38107,56.21,1944,816.58,0
Bayern,Schweinfurt,97422,109.28,2021,1753.94,0
Nordrhein-Westfalen,Bonn,53221,168.63,1961,1268.27,0
Bayern,Bamberg,96052,141.4,1990,1371.13,0
Bayern,Wuerzburg,97084,29.66,1975,442.98,0
Bayern,Memmingen,87701,152.69,1997,1457.57,0
Hessen,Wiesbaden,62091,184.69,1936,2090.98,0
Hessen,Wiesbaden,63262,130.45,1927,1724.2,0
Hessen,Giessen,35391,81.22,1987,994.66,0
Baden-Wuerttemberg,Esslingen am Neckar,73733,64.57,1958,732.47,0
Baden-Wuerttemberg,Stuttgart,70433,193.58,2018,3725.25,0
Baden-Wuerttemberg,Ulm,89092,89.23,1933,1447.4,0
Niedersachsen,Osnabrueck,49074,125.95,1944,1406.88,0
Niedersachsen,Hannover,30467,97.91,1940,1319.24,0
Baden-Wuerttemberg,Stuttgart,70511,125.14,1949,1763.34,0
Hessen,Frankfurt am Main,63118,188.31,1956,2317.65,0
Bayern,Neu-Ulm,89231,46.84,1989,723.43,0
Niedersachsen,Goettingen,37085,21.58,1932,350.87,0
Hessen,Offenbach am Main,63075,47.21,1943,868.06,0
Niedersachsen,Goettingen,37080,116.78,1915,1419.52,0
Bayern,Kempten,87439,95.56,2007,1484.84,0
Baden-Wuerttemberg,Reutlingen,72765,77.76,2007,1178.15,0
Hessen,Kassel,34265,44.78,1950,512.94,0
Hessen,Hanau,63456,122.35,1955,1212.31,0
Nordrhein-Westfalen,Muenster,48161,194.0,1986,1316.41,0
Hessen,Marburg,35074,147.52,1962,1349.78,0
Hessen,Marburg,35076,61.82,1944,940.48,0
Baden-Wuerttemberg,Pforzheim,75179,135.62,1947,1378.68,0
Hessen,Kassel,34278,113.61,1909,1250.78,0
Nordrhein-Westfalen,Duesseldorf,40688,105.56,1977,1146.9,0
Niedersachsen,Goettingen,37082,114.04,1969,1238.22,0
Hessen,Wiesbaden,64795,167.94,1944,1980.11,0
Bayern,Bayreuth,95445,30.19,2017,636.2,0
Niedersachsen,Osnabrueck,49074,104.96,1949,971.55,0
Nordrhein-Westfalen,Bonn,53220,62.51,1940,876.07,0
Baden-Wuerttemberg,Mannheim,68264,60.21,1951,741.7,0
Nordrhein-Westfalen,Duesseldorf,40550,64.41,1979,838.89,0
Nordrhein-Westfalen,Muenster,48156,81.73,1938,1067.33,0
Baden-Wuerttemberg,Ludwigsburg,71660,186.46,1978,1527.62,0
Baden-Wuerttemberg,Freiburg im Breisgau,79111,64.08,1927,1175.16,0
Nordrhein-Westfalen,Koeln,51058,68.58,1978,894.51,0
Nordrhein-Westfalen,Gelsenkirchen,45891,22.62,1950,246.21,0
Baden-Wuerttemberg,Ulm,89140,175.83,1945,2195.98,0
Baden-Wuerttemberg,Heilbronn,74072,41.08,1988,624.57,0
Hessen,Giessen,35395,104.49,1970,1222.63,0
Bayern,Augsburg,86162,173.33,1990,1571.54,0
Hessen,Giessen,35392,164.68,1950,1261.14,0
Hessen,Giessen,35394,59.86,1934,931.3,0
Hessen,Fulda,36040,84.72,1920,1068.03,0
Niedersachsen,Osnabrueck,49086,162.13,1927,1530.01,0
Niedersachsen,Wolfsburg,38443,77.01,1953,935.28,0
Baden-Wuerttemberg,Heilbronn,74081,160.69,1971,1678.88,0
Niedersachsen,Hannover,30388,68.76,2007,1212.54,0
Nordrhein-Westfalen,Muenster,48157,193.06,1988,1321.16,0
Baden-Wuerttemberg,Ludwigsburg,71671,111.33,1954,1163.18,0
Niedersachsen,Osnabrueck,49081,189.42,1928,1560.38,0
Niedersachsen,Hannover,30358,121.57,1941,1539.91,0
Hessen,Marburg,35090,194.49,1935,1848.51,0
Nordrhein-Westfalen,Dortmund,44201,148.25,1981,1023.78,0
Nordrhein-Westfalen,Duisburg,47076,175.46,1928,1100.96,0
Baden-Wuerttemberg,Pforzheim,75173,61.09,1960,650.17,0
Baden-Wuerttemberg,Pforzheim,75179,118.4,1955,935.03,0
Nordrhein-Westfalen,Muenster,48161,61.42,1944,866.89,0
Niedersachsen,Hildesheim,31137,37.55,1953,415.59,0
Niedersachsen,Oldenburg,26127,155.38,1944,1554.37,0
Bayern,Hof,95029,98.26,2020,1451.95,0
Nordrhein-Westfalen,Bonn,53132,155.6,1938,1611.88,0
Hessen,Ruesselsheim am Main,65429,113.9,1915,1385.05,0
Nordrhein-Westfalen,Bonn,53137,132.04,1970,1353.71,0
Bayern,Muenchen,82815,74.04,1975,1217.27,0
Hessen,Kassel,34122,169.59,1992,1262.29,0
Baden-Wuerttemberg,Mannheim,68230,134.64,1974,1331.37,0
Bayern,Fuerth,90763,35.03,1994,575.27,0
Hessen,Marburg,35065,189.92,1959,1416.42,0
Hessen,Wiesbaden,61002,129.83,1904,1771.05,0
Nordrhein-Westfalen,Koeln,51055,68.25,1960,815.71,0
Bayern,Augsburg,86163,101.66,2018,1947.55,0
Baden-Wuerttemberg,Heilbronn,74077,165.41,1976,1681.9,0
Niedersachsen,Oldenburg,26130,126.19,1926,1433.32,0
Hessen,Darmstadt,64292,98.26,1948,1435.02,0
Nordrhein-Westfalen,Wuppertal,42356,105.7,1959,741.65,0
Bayern,Dachau,85221,81.4,1974,1117.96,0
Bayern,Neu-Ulm,89232,102.31,1977,1308.49,0
Niedersachsen,Hannover,30259,77.0,1949,957.9,0
Hessen,Ruesselsheim am Main,65429,151.15,1885,1603.36,0
Niedersachsen,Wolfsburg,38446,77.45,1973,1041.84,0
Niedersachsen,Wolfsburg,38441,39.07,1916,664.73,0
Hessen,Darmstadt,64285,39.36,1897,671.16,0
Niedersachsen,Hildesheim,31135,154.38,1960,929.32,0
Hessen,Offenbach am Main,63067,90.94,1932,1460.36,0
Nordrhein-Westfalen,Wuppertal,42133,145.85,1958,727.53,0
Bayern,Wuerzburg,97072,69.79,1969,984.6,0
Nordrhein-Westfalen,Bonn,53152,95.93,1981,1073.89,0
Nordrhein-Westfalen,Wuppertal,42260,88.92,1941,919.47,0
Baden-Wuerttemberg,Mannheim,68215,29.78,1990,422.78,0
Nordrhein-Westfalen,Koeln,51393,80.03,1999,1136.87,0
Hessen,Wiesbaden,59785,195.11,1926,2052.17,0
Bayern,Regensburg,93056,75.59,2003,1268.53,0
Baden-Wuerttemberg,Tuebingen,72076,192.8,1944,1701.38,0
Baden-Wuerttemberg,Mannheim,68250,78.16,1995,1072.98,0
Niedersachsen,Hannover,30658,31.92,1932,509.9,0
Niedersachsen,Hildesheim,31140,111.54,1945,1153.88,0
Baden-Wuerttemberg,Stuttgart,70305,42.61,1950,771.75,0
Nordrhein-Westfalen,Essen,45334,176.49,1962,713.5,0
Nordrhein-Westfalen,Essen,45328,191.0,1981,898.72,0
Bayern,Rosenheim,83023,86.79,2016,1571.44,0
Hessen,Marburg,35051,34.96,1931,553.3,0
Baden-Wuerttemberg,Heilbronn,74076,187.42,1960,1552.6,0
Niedersachsen,Wolfsburg,38446,140.49,1964,1303.5,0
Nordrhein-Westfalen,Moenchengladbach,41078,36.22,1959,358.17,0
Baden-Wuerttemberg,Esslingen am Neckar,73731,46.19,1974,629.5,0
Baden-Wuerttemberg,Ludwigsburg,71666,129.55,1986,1351.91,0
Niedersachsen,Hildesheim,31138,117.16,1930,1182.87,0
Bayern,Bamberg,96047,144.88,2017,2332.32,0
Hessen,Giessen,35390,178.56,1904,1741.03,0
Nordrhein-Westfalen,Moenchengladbach,41238,158.21,1946,1193.2,0
Hessen,Wiesbaden,55405,153.92,1914,1956.73,0
Bayern,Neu-Ulm,89232,37.62,1999,657.78,0
Bayern,Regensburg,93048,172.66,2007,2370.99,0
Niedersachsen,Oldenburg,26124,122.95,1947,1429.49,0
Bayern,Bayreuth,95447,147.22,1993,1463.35,0
Nordrhein-Westfalen,Essen,45283,84.06,1938,914.3,0
Hessen,Fulda,36041,183.35,1929,1532.46,0
Baden-Wuerttemberg,Esslingen am Neckar,73733,148.45,1968,1272.57,0
Bayern,Hof,95028,33.67,1967,316.94,0
Baden-Wuerttemberg,Tuebingen,72070,51.79,1979,692.36,0
Hessen,Kassel,34348,181.94,1929,1481.03,0
Hessen,Ruesselsheim am Main,65429,116.88,1930,1405.03,0
Baden-Wuerttemberg,Pforzheim,75175,102.49,1949,860.57,0
Nordrhein-Westfalen,Gelsenkirchen,45899,77.07,2002,896.45,0
Niedersachsen,Oldenburg,26123,79.84,1940,1091.32,0
Hessen,Offenbach am Main,63075,189.22,1950,1768.33,0
Hessen,Fulda,36043,150.58,1932,1472.54,0
Hessen,Frankfurt am Main,63492,186.12,1960,2282.57,0
Baden-Wuerttemberg,Heilbronn,74081,29.93,1963,439.21,0
Baden-Wuerttemberg,Ulm,89082,171.68,1957,1752.11,0
Nordrhein-Westfalen,Duisburg,47173,137.85,1966,765.83,0
Hessen,Kassel,34207,77.83,1931,1007.34,0
Hessen,Darmstadt,64288,149.6,1939,1856.24,0
Nordrhein-Westfalen,Duesseldorf,40381,134.05,1920,1584.12,0
Nordrhein-Westfalen,Wuppertal,42348,178.83,1962,659.85,0
Nordrhein-Westfalen,Gelsenkirchen,45884,197.71,1963,501.26,0
Nordrhein-Westfalen,Moenchengladbach,41228,66.39,1977,623.34,0
Bayern,Regensburg,93057,127.29,2038,2964.99,0
Baden-Wuerttemberg,Ludwigsburg,71635,141.24,1943,1624.56,0
Nordrhein-Westfalen,Wuppertal,42132,121.86,1953,752.46,0
Niedersachsen,Wolfsburg,38440,154.69,1941,1770.36,0
Hessen,Kassel,34189,59.02,1949,676.75,0
Hessen,Frankfurt am Main,63082,106.25,1954,1712.52,0
Hessen,Marburg,35046,64.06,1942,991.97,0
Bayern,Dachau,85222,170.37,1980,1763.68,0
Bayern,Memmingen,87701,60.75,1967,655.19,0
Baden-Wuerttemberg,Pforzheim,75172,114.08,1985,1088.2,0
Niedersachsen,Hannover,30249,143.16,1949,1318.68,0
Nordrhein-Westfalen,Muenster,48151,167.22,1996,1556.72,0
Hessen,Fulda,36038,74.26,1948,999.04,0
Bayern,Augsburg,86174,42.12,1968,580.51,0
Baden-Wuerttemberg,Ludwigsburg,71656,68.5,1953,841.94,0
Hessen,Darmstadt,64287,133.42,1928,1729.55,0
Bayern,Wuerzburg,97081,158.87,1985,1579.19,0
Nordrhein-Westfalen,Duisburg,47264,57.52,1952,510.97,0
Baden-Wuerttemberg,Ludwigsburg,71663,136.47,1960,1321.5,0
Baden-Wuerttemberg,Heidelberg,69124,71.65,1975,1067.83,0
Hessen,Hanau,63455,179.53,1951,1320.34,0
Niedersachsen,Wolfsburg,38447,198.79,1931,1900.84,0
Bayern,Kempten,87439,63.82,1984,766.2,0
Bayern,Memmingen,87702,137.49,2008,1791.47,0
Bayern,Rosenheim,83024,90.94,1976,1066.41,0
Baden-Wuerttemberg,Heilbronn,74080,69.56,1954,918.07,0
Baden-Wuerttemberg,Heilbronn,74078,27.84,1963,428.85,0
Bayern,Landshut,84031,58.92,1947,860.48,0
Nordrhein-Westfalen,Bonn,53185,161.14,1939,1669.44,0
Nordrhein-Westfalen,Bielefeld,33632,178.46,1971,1116.52,0
Nordrhein-Westfalen,Duisburg,47174,82.71,1941,856.44,0
Bayern,Memmingen,87700,133.65,1986,1174.75,0
Hessen,Kassel,34212,151.61,1932,1427.39,0
Baden-Wuerttemberg,Heilbronn,74073,80.57,1966,1009.39,0
Nordrhein-Westfalen,Dortmund,44163,90.53,1961,758.67,0
Bayern,Nuernberg,90409,56.16,1999,921.66,0
Baden-Wuerttemberg,Tuebingen,72072,111.78,1916,1366.95,0
Bayern,Freising,85355,84.68,2016,1697.56,0
Bayern,Bayreuth,95445,25.79,2015,494.25,0
Nordrhein-Westfalen,Gelsenkirchen,45880,68.62,1965,580.7,0
Nordrhein-Westfalen,Muenster,48144,121.17,1983,1208.09,0
Bayern,Freising,85355,111.68,1978,1420.18,0
Bayern,Ingolstadt,85049,193.14,1983,1777.34,0
Hessen,Offenbach am Main,63068,191.39,1934,2271.94,0
Nordrhein-Westfalen,Aachen,52068,32.34,1959,421.35,0
Hessen,Marburg,35057,105.42,1913,1403.13,0
Baden-Wuerttemberg,Heidelberg,69118,192.87,1951,1678.93,0
Baden-Wuerttemberg,Pforzheim,75179,180.64,1972,1238.46,0
Bayern,Ingolstadt,85049,174.01,1995,2025.26,0
Nordrhein-Westfalen,Bielefeld,33730,106.33,1957,920.33,0
Hessen,Hanau,63453,96.54,1955,1030.56,0
Nordrhein-Westfalen,Duesseldorf,40462,172.39,1956,1258.23,0
Bayern,Aschaffenburg,63741,192.88,1981,1366.93,0
Baden-Wuerttemberg,Heidelberg,69115,93.08,1970,1260.4,0
Niedersachsen,Wolfsburg,38442,196.61,1964,1407.77,0
Hessen,Marburg,35065,38.58,1949,501.44,0
Nordrhein-Westfalen,Bonn,53169,129.79,1939,1513.42,0
Hessen,Frankfurt am Main,64899,134.53,1923,2301.07,0
Hessen,Hanau,63454,112.06,1946,1452.78,0
Nordrhein-Westfalen,Duesseldorf,40625,112.0,1962,1100.99,0
Bayern,Wuerzburg,97078,91.4,1980,1168.72,0
Baden-Wuerttemberg,Heidelberg,69119,94.79,1939,1447.54,0
Baden-Wuerttemberg,Heilbronn,74079,27.52,1904,500.33,0
Niedersachsen,Wolfsburg,38442,132.76,1969,1413.68,0
Baden-Wuerttemberg,Heidelberg,69119,122.97,1962,1430.1,0
Hessen,Giessen,35397,78.1,1929,1042.25,0
Baden-Wuerttemberg,Heidelberg,69117,83.62,1973,1209.19,0
Nordrhein-Westfalen,Essen,45181,146.65,1948,1175.02,0
Baden-Wuerttemberg,Esslingen am Neckar,73733,156.65,1965,1227.5,0
Hessen,Giessen,35390,186.9,1943,1758.84,0
Bayern,Erlangen,91053,160.83,1980,1743.65,0
Baden-Wuerttemberg,Karlsruhe,76229,97.93,1941,1284.51,0
Nordrhein-Westfalen,Muenster,48146,104.25,1960,977.0,0
Nordrhein-Westfalen,Bielefeld,33724,41.66,1958,450.87,0
Hessen,Hanau,63452,144.12,1963,1300.35,0
Hessen,Wiesbaden,57563,93.25,1944,1403.72,0
Niedersachsen,Wolfsburg,38445,94.85,1947,1323.54,0
Nordrhein-Westfalen,Bielefeld,33702,80.78,1963,803.17,0
Hessen,Hanau,63452,157.99,1909,1765.56,0
Hessen,Giessen,35390,120.48,1922,1471.37,0
Nordrhein-Westfalen,Aachen,52072,153.0,1925,1563.51,0
Hessen,Wiesbaden,63344,173.87,1940,2005.61,0
Niedersachsen,Wolfsburg,38447,86.2,1931,1192.33,0
Baden-Wuerttemberg,Tuebingen,72076,134.41,1953,1173.84,0
Nordrhein-Westfalen,Muenster,48158,172.11,1959,1128.51,0
Bayern,Freising,85356,103.73,1967,1264.97,0
Baden-Wuerttemberg,Heilbronn,74078,97.45,1944,1401.89,0
Baden-Wuerttemberg,Stuttgart,70242,145.43,1944,2305.6,0
Nordrhein-Westfalen,Bielefeld,33644,63.73,1938,813.76,0
Bayern,Memmingen,87701,94.63,2006,1376.94,0
Hessen,Marburg,35038,191.12,1923,1883.86,0
Nordrhein-Westfalen,Koeln,50892,144.05,1972,1372.88,0
Hessen,Frankfurt am Main,63104,155.98,1915,2500.99,0
Hessen,Ruesselsheim am Main,65428,155.77,1961,1260.8,0
Baden-Wuerttemberg,Ludwigsburg,71644,32.87,1969,508.07,0
Hessen,Ruesselsheim am Main,65429,90.3,1953,997.45,0
Hessen,Ruesselsheim am Main,65428,143.82,1948,1590.57,0
Bayern,Hof,95029,125.23,2000,1059.76,0
Hessen,Kassel,34223,63.62,1945,784.05,0
Bayern,Bayreuth,95444,22.3,1979,319.29,0
Nordrhein-Westfalen,Muenster,48159,44.57,1966,554.32,0
Nordrhein-Westfalen,Bielefeld,33656,186.17,1974,1107.84,0
Bayern,Dachau,85222,127.61,1987,1568.47,0
Nordrhein-Westfalen,Bochum,44812,135.91,1972,971.62,0
Hessen,Darmstadt,64297,20.3,1949,280.29,0
Baden-Wuerttemberg,Freiburg im Breisgau,79111,127.75,1975,1806.6,0
Hessen,Fulda,36040,191.74,1955,1017.09,0
Baden-Wuerttemberg,Karlsruhe,76201,85.23,1963,950.63,0
Baden-Wuerttemberg,Karlsruhe,76146,178.11,1961,1346.27,0
Baden-Wuerttemberg,Stuttgart,70590,185.35,1968,2137.47,0
Nordrhein-Westfalen,Wuppertal,42213,166.05,1972,888.16,0
Hessen,Wiesbaden,62035,41.8,1914,761.15,0
Baden-Wuerttemberg,Tuebingen,72073,85.21,1949,915.54,0
Baden-Wuerttemberg,Esslingen am Neckar,73729,44.16,1972,615.6,0
Nordrhein-Westfalen,Dortmund,44316,68.45,1943,841.34,0
Bayern,Schweinfurt,97424,135.78,1985,1008.53,0
Bayern,Landshut,84034,114.22,1977,1272.45,0
Hessen,Offenbach am Main,63072,117.28,1939,1756.99,0
Bayern,Erlangen,91054,68.33,2009,1307.17,0
Nordrhein-Westfalen,Gelsenkirchen,45884,153.24,1978,854.02,0
Bayern,Ingolstadt,85050,141.89,1959,1502.91,0
Hessen,Frankfurt am Main,64258,81.68,1927,1590.45,0
Nordrhein-Westfalen,Bielefeld,33664,136.29,1975,1113.96,0
Nordrhein-Westfalen,Moenchengladbach,41203,133.69,1981,960.82,0
Niedersachsen,Hildesheim,31140,81.96,1979,833.44,0
Baden-Wuerttemberg,Ludwigsburg,71637,167.3,1955,1370.5,0
Hessen,Darmstadt,64284,23.27,1927,412.68,0
Hessen,Marburg,35061,193.05,1887,1878.17,0
Bayern,Erlangen,91056,147.81,1988,1669.73,0
Bayern,Augsburg,86150,93.97,1971,1186.79,0
Hessen,Offenbach am Main,63071,65.11,1905,1094.67,0
Nordrhein-Westfalen,Gelsenkirchen,45887,128.27,1963,731.46,0
Bayern,Bayreuth,95448,101.74,2036,2326.41,0
Nordrhein-Westfalen,Moenchengladbach,41176,171.13,1979,953.45,0
Bayern,Fuerth,90768,113.81,1974,1277.72,0
Niedersachsen,Hildesheim,31138,134.89,1946,1206.12,0
Hessen,Hanau,63456,165.83,1985,1479.44,0
Bayern,Freising,85356,60.08,2007,1151.69,0
Baden-Wuerttemberg,Ulm,89078,142.44,1958,1622.09,0
Baden-Wuerttemberg,Reutlingen,72768,102.95,1988,1032.38,0
Nordrhein-Westfalen,Duisburg,47103,134.79,1961,758.62,0
Nordrhein-Westfalen,Moenchengladbach,41174,168.13,1933,1231.66,0
Baden-Wuerttemberg,Freiburg im Breisgau,79115,131.84,1951,1707.93,0
Bayern,Regensburg,93047,169.24,2010,2500.25,0
Nordrhein-Westfalen,Bonn,53157,178.04,1955,1267.42,0
Nordrhein-Westfalen,Bochum,44861,121.0,1963,816.62,0
Nordrhein-Westfalen,Dortmund,44310,187.21,1953,829.05,0
Hessen,Darmstadt,64295,176.66,1928,2027.01,0
Nordrhein-Westfalen,Muenster,48160,169.31,1961,1187.96,0
Baden-Wuerttemberg,Ludwigsburg,71664,173.48,1944,1797.15,0
Bayern,Hof,95028,88.75,2007,1063.36,0
Baden-Wuerttemberg,Esslingen am Neckar,73734,56.85,1962,677.84,0
Baden-Wuerttemberg,Heidelberg,69122,81.77,1954,1134.13,0
Nordrhein-Westfalen,Moenchengladbach,41214,167.96,1975,925.47,0
Hessen,Offenbach am Main,63066,115.71,1917,1728.45,0
Niedersachsen,Hildesheim,31137,32.73,1984,388.69,0
Hessen,Kassel,34274,87.07,1944,1024.71,0
Baden-Wuerttemberg,Heilbronn,74073,126.75,1934,1680.05,0
Nordrhein-Westfalen,Aachen,52078,81.79,1964,870.37,0
Bayern,Schweinfurt,97421,31.73,1971,386.5,0
Hessen,Hanau,63457,118.57,1900,1459.39,0
Nordrhein-Westfalen,Duesseldorf,40423,196.12,1992,1542.29,0
Hessen,Ruesselsheim am Main,65429,175.15,1992,1553.87,0
Bayern,Wuerzburg,97084,99.55,2013,1810.34,0
Baden-Wuerttemberg,Heidelberg,69122,168.23,1988,1820.33,0
Nordrhein-Westfalen,Bochum,44856,50.96,1911,611.51,0
Bayern,Bayreuth,95445,107.1,1991,1179.56,0
Nordrhein-Westfalen,Gelsenkirchen,45888,89.29,1957,647.76,0
Nordrhein-Westfalen,Bonn,53196,166.91,1972,1428.44,0
Baden-Wuerttemberg,Karlsruhe,76195,75.23,1943,1075.3,0
Nordrhein-Westfalen,Dortmund,44316,181.92,1972,1002.34,0
Bayern,Regensburg,93052,40.08,2008,792.39,0
Hessen,Offenbach am Main,63070,58.48,1950,914.92,0
Hessen,Offenbach am Main,63067,97.98,1938,1550.27,0
Nordrhein-Westfalen,Wuppertal,42305,22.34,1957,276.65,0
Hessen,Darmstadt,64285,66.39,1946,1080.62,0
Nordrhein-Westfalen,Koeln,51226,164.17,2002,1970.41,0
Nordrhein-Westfalen,Wuppertal,42321,73.34,1968,604.88,0
Bayern,Schweinfurt,97424,128.78,2032,2307.37,0
Nordrhein-Westfalen,Koeln,51337,143.06,1947,1536.16,0
Hessen,Marburg,35075,124.24,1932,1570.5,0
Bayern,Kaufbeuren,87600,45.36,1994,572.45,0
Bayern,Regensburg,93055,170.78,1979,1616.2,0
Hessen,Darmstadt,64296,74.17,1929,1178.08,0
Bayern,Kempten,87439,151.65,1990,1360.43,0
Baden-Wuerttemberg,Reutlingen,72765,23.76,1964,282.12,0
Hessen,Ruesselsheim am Main,65428,23.17,1900,340.86,0
Hessen,Giessen,35396,142.47,1956,1230.96,0
Bayern,Muenchen,81909,188.02,1988,2243.18,0
Hessen,Giessen,35396,104.19,1912,1353.71,0
Nordrhein-Westfalen,Duisburg,47279,197.82,1934,1047.46,0
Bayern,Erlangen,91057,49.23,2005,959.41,0
Hessen,Giessen,35392,143.8,1937,1633.69,0
Bayern,Bayreuth,95447,168.71,1985,1380.81,0
Hessen,Offenbach am Main,63072,129.26,1958,1517.47,0
Niedersachsen,Hildesheim,31135,126.88,1956,864.23,0
Baden-Wuerttemberg,Heilbronn,74073,122.53,1959,1346.81,0
Hessen,Kassel,34253,96.08,1932,1103.87,0
Bayern,Passau,94035,25.02,1978,349.04,0
Baden-Wuerttemberg,Stuttgart,70392,68.15,1963,1099.29,0
Baden-Wuerttemberg,Freiburg im Breisgau,79103,50.44,1946,949.41,0
Bayern,Aschaffenburg,63740,143.14,1994,1468.69,0
Nordrhein-Westfalen,Duisburg,47084,155.53,1967,703.2,0
Bayern,Rosenheim,83026,179.59,1972,1387.4,0
Nordrhein-Westfalen,Aachen,52062,185.19,1962,1195.64,0
Hessen,Offenbach am Main,63071,165.09,1938,2131.15,0
Bayern,Regensburg,93059,115.88,1965,1272.63,0
Nordrhein-Westfalen,Bochum,44854,136.07,1981,934.08,0
Nordrhein-Westfalen,Aachen,52067,54.18,2005,909.1,0
Bayern,Kempten,87436,39.75,2013,777.43,0
Bayern,Neu-Ulm,89232,62.73,1971,900.91,0
Nordrhein-Westfalen,Aachen,52071,87.43,1938,1107.5,0
Nordrhein-Westfalen,Aachen,52065,70.26,1940,938.46,0
Hessen,Giessen,35391,45.12,1938,693.36,0
Baden-Wuerttemberg,Freiburg im Breisgau,79115,178.77,1969,2141.16,0
Hessen,Fulda,36041,118.34,1925,1354.03,0
Hessen,Kassel,34178,169.37,1907,1499.91,0
Bayern,Bamberg,96052,122.47,1995,1404.78,0
Hessen,Offenbach am Main,63071,198.49,1952,1775.62,0
Baden-Wuerttemberg,Heilbronn,74073,107.8,2004,1707.83,0
Hessen,Fulda,36039,134.03,1953,1060.35,0
Baden-Wuerttemberg,Karlsruhe,76182,49.54,1963,659.65,0
Baden-Wuerttemberg,Karlsruhe,76194,35.8,1954,506.57,0
Nordrhein-Westfalen,Bonn,53205,106.19,1950,1090.95,0
Nordrhein-Westfalen,Muenster,48153,84.24,1939,1094.76,0
Hessen,Fulda,36037,43.81,1925,630.15,0
Bayern,Regensburg,93055,44.53,1972,710.42,0
Bayern,Freising,85354,143.0,1997,1926.08,0
Bayern,Fuerth,90763,22.95,2010,442.34,0
Hessen,Kassel,34173,186.4,1915,1488.13,0
Bayern,Hof,95028,85.65,1979,669.09,0
Nordrhein-Westfalen,Bielefeld,33682,25.97,1937,366.17,0
Nordrhein-Westfalen,Gelsenkirchen,45886,142.08,1950,705.15,0
Nordrhein-Westfalen,Muenster,48144,77.04,1941,1004.02,0
Bayern,Kempten,87435,31.97,2001,528.96,0
Baden-Wuerttemberg,Freiburg im Breisgau,79102,188.58,1926,2444.29,0
Nordrhein-Westfalen,Essen,45285,141.09,1932,1158.51,0
Hessen,Darmstadt,64296,139.04,1927,1785.17,0
Bayern,Bamberg,96050,134.78,2001,1690.9,0
Nordrhein-Westfalen,Wuppertal,42345,158.41,1989,906.65,0
Bayern,Wuerzburg,97070,151.06,1993,1663.63,0
Hessen,Fulda,36043,41.0,1902,653.5,0
Baden-Wuerttemberg,Esslingen am Neckar,73729,181.33,1989,1470.31,0
Bayern,Rosenheim,83026,38.22,2010,720.44,0
Bayern,Kempten,87438,148.4,1978,1327.11,0
Bayern,Freising,85356,127.85,1992,1598.32,0
Baden-Wuerttemberg,Heidelberg,69123,122.62,1980,1569.46,0
Niedersachsen,Hildesheim,31135,53.06,1957,533.45,0
Bayern,Bayreuth,95446,52.25,1939,774.3,0
Baden-Wuerttemberg,Mannheim,68210,37.79,1983,535.97,0
Bayern,Straubing,94316,82.12,2020,1481.85,0
Nordrhein-Westfalen,Essen,45229,91.16,1930,951.96,0
Nordrhein-Westfalen,Essen,45162,27.42,1997,341.37,0
Nordrhein-Westfalen,Koeln,51022,139.63,1959,1229.48,0
Bayern,Kaufbeuren,87602,78.51,1999,1019.92,0
Niedersachsen,Hildesheim,31138,175.74,1953,881.19,0
Bayern,Straubing,94316,129.98,1998,1359.26,0
Bayern,Straubing,94315,192.91,1995,1330.5,0
Hessen,Offenbach am Main,63073,152.9,1923,2079.71,0
Niedersachsen,Hildesheim,31135,91.3,1932,1039.08,0
Nordrhein-Westfalen,Aachen,52071,181.18,1985,1354.24,0
Baden-Wuerttemberg,Reutlingen,72763,30.8,1975,406.91,0
Bayern,Regensburg,93049,123.6,1935,1602.76,0
Nordrhein-Westfalen,Aachen,52080,96.29,1944,1198.84,0
Baden-Wuerttemberg,Esslingen am Neckar,73730,76.55,1943,1053.01,0
Baden-Wuerttemberg,Mannheim,68169,150.42,1986,1451.5,0
Bayern,Erlangen,91056,44.88,2024,1116.0,0
Nordrhein-Westfalen,Wuppertal,42211,49.26,1959,477.09,0
Bayern,Dachau,85221,81.88,1974,1124.43,0
Baden-Wuerttemberg,Freiburg im Breisgau,79109,181.38,1948,2458.14,0
Bayern,Kempten,87439,119.73,1964,1122.74,0
Hessen,Offenbach am Main,63066,98.41,1919,1523.89,0
Baden-Wuerttemberg,Heilbronn,74072,145.53,1974,1593.41,0
Bayern,Freising,85356,65.22,2007,1230.43,0
Baden-Wuerttemberg,Stuttgart,70493,53.03,1938,1062.42,0
Bayern,Bamberg,96049,173.07,1963,1231.57,0
Nordrhein-Westfalen,Duisburg,47123,162.19,1954,719.73,0
Bayern,Neu-Ulm,89232,164.84,1980,1709.8,0
Bayern,Fuerth,90763,109.52,1940,1412.43,0
Nordrhein-Westfalen,Essen,45336,130.84,1969,953.09,0
Nordrhein-Westfalen,Dortmund,44247,24.79,1961,242.61,0
Nordrhein-Westfalen,Gelsenkirchen,45898,161.9,1981,817.07,0
Bayern,Kempten,87438,68.12,1949,780.05,0
Bayern,Hof,95028,150.36,1996,974.47,0
Hessen,Ruesselsheim am Main,65429,114.34,1961,1138.07,0
Bayern,Wuerzburg,97082,161.11,1990,1622.31,0
Bayern,Landshut,84034,170.65,1995,1711.0,0
Nordrhein-Westfalen,Wuppertal,42193,95.94,1963,687.96,0
Bayern,Straubing,94316,68.33,1981,721.87,0
Baden-Wuerttemberg,Esslingen am Neckar,73734,129.45,1946,1520.55,0
Hessen,Hanau,63456,27.73,1942,431.84,0
Bayern,Neu-Ulm,89231,143.79,1966,1480.27,0
Bayern,Aschaffenburg,63742,47.51,1997,699.95,0
Hessen,Ruesselsheim am Main,65429,24.94,1935,427.0,0
Bayern,Memmingen,87701,50.58,1994,663.01,0
Baden-Wuerttemberg,Mannheim,68263,59.08,1942,872.99,0
Baden-Wuerttemberg,Mannheim,68290,32.85,1956,458.18,0
Bayern,Memmingen,87701,108.1,1984,1044.85,0
Bayern,Nuernberg,90404,103.95,2008,1664.02,0
Baden-Wuerttemberg,Esslingen am Neckar,73729,139.71,1977,1343.91,0
Baden-Wuerttemberg,Reutlingen,72762,43.72,1959,457.34,0
Bayern,Regensburg,93050,22.45,1989,357.59,0
Bayern,Aschaffenburg,63740,126.57,1970,1230.87,0
Nordrhein-Westfalen,Duisburg,47073,22.11,1950,200.84,0
Baden-Wuerttemberg,Freiburg im Breisgau,79112,185.14,1970,2159.79,0
Nordrhein-Westfalen,Wuppertal,42156,50.47,1941,558.97,0
Baden-Wuerttemberg,Karlsruhe,76145,156.24,2008,2206.84,0
Nordrhein-Westfalen,Moenchengladbach,41098,153.65,1935,1177.09,0
Nordrhein-Westfalen,Duesseldorf,40384,61.67,1947,903.7,0
Hessen,Offenbach am Main,63067,26.71,1944,489.51,0
Baden-Wuerttemberg,Ulm,89139,180.69,1955,1761.69,0
Bayern,Nuernberg,90454,81.17,1971,1048.74,0
Nordrhein-Westfalen,Dortmund,44344,125.85,1965,913.24,0
Bayern,Bamberg,96050,160.18,1983,1420.53,0
Bayern,Passau,94033,60.02,2020,1196.44,0
Baden-Wuerttemberg,Heilbronn,74074,105.25,1963,1226.84,0
Bayern,Hof,95029,61.37,1996,622.6,0
Bayern,Dachau,85221,199.18,2016,3079.51,0
Bayern,Memmingen,87701,126.38,2011,1833.4,0
Bayern,Kempten,87437,102.68,1952,996.97,0
Hessen,Ruesselsheim am Main,65428,197.96,1918,1712.41,0
Bayern,Kempten,87436,199.24,1979,1345.08,0
Bayern,Erlangen,91054,157.78,1987,1706.82,0
Baden-Wuerttemberg,Freiburg im Breisgau,79115,77.3,1955,1148.95,0
Baden-Wuerttemberg,Reutlingen,72764,46.57,1988,544.32,0
Baden-Wuerttemberg,Karlsruhe,76184,189.55,1996,1838.05,0
Hessen,Ruesselsheim am Main,65428,170.85,1893,1710.78,0
Baden-Wuerttemberg,Heilbronn,74072,49.84,1993,782.76,0
Bayern,Regensburg,93057,105.55,1977,1290.99,0
Bayern,Muenchen,83327,174.68,1988,2147.68,0
Nordrhein-Westfalen,Bielefeld,33720,111.04,1935,1160.38,0
Bayern,Kaufbeuren,87601,89.64,1989,851.32,0
Baden-Wuerttemberg,Ulm,89115,144.65,1974,1765.98,0
Baden-Wuerttemberg,Stuttgart,70557,40.55,1982,748.2,0
Bayern,Wuerzburg,97074,67.02,1989,920.53,0
Baden-Wuerttemberg,Freiburg im Breisgau,79107,91.4,1957,1317.64,0
Bayern,Hof,95029,190.1,1977,637.16,0
Bayern,Rosenheim,83024,131.96,1974,1285.72,0
Bayern,Augsburg,86177,121.18,2008,1910.48,0
Bayern,Regensburg,93058,137.9,2001,1883.2,0
Baden-Wuerttemberg,Reutlingen,72767,118.79,1961,929.36,0
Nordrhein-Westfalen,Moenchengladbach,41228,54.52,1955,519.37,0
Bayern,Landshut,84033,193.46,1966,1308.48,0
Baden-Wuerttemberg,Reutlingen,72765,193.27,1975,1105.61,0
Bayern,Wuerzburg,97075,155.77,1976,1577.32,0
Bayern,Ingolstadt,85053,41.78,1966,624.69,0
Nordrhein-Westfalen,Wuppertal,42399,110.52,1941,1022.33,0
Nordrhein-Westfalen,Bochum,44842,107.97,1996,1097.88,0
Baden-Wuerttemberg,Reutlingen,72760,144.48,1930,1348.06,0
Bayern,Hof,95031,193.67,1969,637.66,0
Bayern,Aschaffenburg,63741,121.26,1966,1119.88,0
Bayern,Wuerzburg,97074,44.46,1986,651.11,0
Nordrhein-Westfalen,Duisburg,47209,55.03,1973,530.93,0
Bayern,Erlangen,91055,151.87,2017,2711.77,0
Bayern,Rosenheim,83025,80.8,1992,1014.48,0
Bayern,Schweinfurt,97423,76.17,2007,1077.28,0
Nordrhein-Westfalen,Moenchengladbach,41212,51.72,1970,550.91,0
Baden-Wuerttemberg,Karlsruhe,76229,199.33,1912,1810.13,0
Nordrhein-Westfalen,Essen,45287,190.73,1978,923.69,0
Nordrhein-Westfalen,Bochum,44849,59.31,1942,671.01,0
Nordrhein-Westfalen,Dortmund,44164,191.17,1979,982.08,0
Baden-Wuerttemberg,Freiburg im Breisgau,79114,139.4,1952,1790.22,0
Bayern,Neu-Ulm,89232,26.72,1999,490.45,0
Nordrhein-Westfalen,Koeln,51451,122.94,1951,1179.95,0
Bayern,Regensburg,93051,154.81,1996,1794.12,0
Bayern,Erlangen,91053,61.92,1987,896.75,0
Bayern,Bamberg,96047,150.28,1987,1374.2,0
Baden-Wuerttemberg,Reutlingen,72761,105.13,1992,1074.99,0
Bayern,Nuernberg,90447,163.68,1986,1469.04,0
Baden-Wuerttemberg,Freiburg im Breisgau,79100,118.44,1955,1594.38,0
Baden-Wuerttemberg,Mannheim,68232,170.29,1938,1757.03,0
Bayern,Kaufbeuren,87601,56.79,2021,1101.93,0
Nordrhein-Westfalen,Bielefeld,33681,24.42,1931,362.2,0
Bayern,Memmingen,87701,33.16,1974,452.88,0
Bayern,Nuernberg,90403,156.96,1977,1488.07,0
Bayern,Bayreuth,95445,76.25,2019,1474.13,0
Bayern,Augsburg,86173,84.33,2026,1843.86,0
Nordrhein-Westfalen,Bochum,44796,160.22,1985,990.22,0
Nordrhein-Westfalen,Koeln,51075,178.22,1944,1722.44,0
Baden-Wuerttemberg,Heidelberg,69120,26.8,1948,519.11,0
Baden-Wuerttemberg,Stuttgart,70527,54.0,1916,1082.15,0
Baden-Wuerttemberg,Ulm,89153,177.21,1976,1883.88,0
Nordrhein-Westfalen,Aachen,52067,37.36,1940,531.75,0
Bayern,Freising,85355,38.67,1980,580.99,0
Nordrhein-Westfalen,Duesseldorf,40706,64.9,1987,895.74,0
Hessen,Ruesselsheim am Main,65428,114.21,1934,1403.7,0
Bayern,Kaufbeuren,87601,24.73,1967,286.02,0
Bayern,Wuerzburg,97081,45.66,2011,937.78,0
Bayern,Augsburg,86181,185.48,2006,2378.75,0
Bayern,Regensburg,93057,27.15,1960,409.05,0
Baden-Wuerttemberg,Ludwigsburg,71663,109.49,1959,1144.12,0
Bayern,Bayreuth,95446,186.53,1996,1664.58,0
Nordrhein-Westfalen,Aachen,52079,123.87,1932,1389.52,0
Bayern,Wuerzburg,97076,22.58,1993,373.55,0
Bayern,Neu-Ulm,89233,131.59,2002,1979.35,0
Bayern,Passau,94036,106.86,1994,1258.88,0
Hessen,Hanau,63455,60.58,1960,752.31,0
Baden-Wuerttemberg,Karlsruhe,76207,94.29,1932,1312.8,0
Baden-Wuerttemberg,Esslingen am Neckar,73729,147.86,1930,1640.31,0
Bayern,Neu-Ulm,89231,20.61,1976,329.72,0
Bayern,Landshut,84029,75.69,2011,1330.21,0
Bayern,Wuerzburg,97077,27.37,2036,713.28,0
Bayern,Freising,85355,195.72,2006,2584.41,0
Bayern,Rosenheim,83026,121.42,1969,1228.67,0
Bayern,Straubing,94315,77.34,1999,1029.22,0
Nordrhein-Westfalen,Bochum,44799,147.88,1944,1171.57,0
Bayern,Bayreuth,95445,168.45,1972,1374.7,0
Nordrhein-Westfalen,Duesseldorf,40414,113.15,1957,1130.94,0
Bayern,Bayreuth,95448,23.4,1987,351.95,0
Baden-Wuerttemberg,Freiburg im Breisgau,79105,190.86,1937,2465.46,0
Baden-Wuerttemberg,Esslingen am Neckar,73732,35.23,1930,573.76,0
Nordrhein-Westfalen,Koeln,50870,116.19,1987,1241.29,0
Bayern,Regensburg,93057,60.17,1987,829.32,0
Bayern,Straubing,94316,119.02,1966,979.41,0
Nordrhein-Westfalen,Dortmund,44205,197.04,1949,745.75,0
Baden-Wuerttemberg,Freiburg im Breisgau,79100,173.99,1948,2410.51,0
Nordrhein-Westfalen,Essen,45265,121.03,1927,1101.19,0
Baden-Wuerttemberg,Stuttgart,70351,137.31,2001,2381.16,0
Baden-Wuerttemberg,Ludwigsburg,71656,111.06,1972,1258.73,0
Baden-Wuerttemberg,Ulm,89110,51.07,1951,747.97,0
Bayern,Freising,85354,41.89,1965,652.8,0
Bayern,Bamberg,96048,180.27,2002,1962.84,0
Bayern,Bayreuth,95448,53.64,2006,925.76,0
Baden-Wuerttemberg,Heidelberg,69118,172.94,1964,1631.4,0
Baden-Wuerttemberg,Freiburg im Breisgau,79102,86.19,1933,1521.73,0
Bayern,Ingolstadt,85054,94.95,1961,1177.75,0
Bayern,Nuernberg,90483,198.65,1994,1746.19,0
Nordrhein-Westfalen,Duesseldorf,40600,111.73,1956,1120.62,0
Baden-Wuerttemberg,Stuttgart,70354,94.23,1981,1588.77,0
Baden-Wuerttemberg,Mannheim,68159,176.61,1949,1283.86,0
Baden-Wuerttemberg,Mannheim,68174,49.04,1919,758.47,0
Bayern,Rosenheim,83025,62.69,1992,819.8,0
Baden-Wuerttemberg,Ludwigsburg,71650,74.75,1986,974.7,0
Bayern,Neu-Ulm,89231,122.63,2010,2094.22,0
Nordrhein-Westfalen,Duesseldorf,40236,138.44,1964,1233.7,0
Baden-Wuerttemberg,Reutlingen,72765,40.98,1949,475.26,0
Bayern,Neu-Ulm,89231,79.11,1996,1238.5,0
Baden-Wuerttemberg,Reutlingen,72761,32.3,1935,440.38,0
Baden-Wuerttemberg,Esslingen am Neckar,73732,102.57,1934,1307.09,0
Bayern,Erlangen,91052,55.62,1998,985.98,0
Bayern,Ingolstadt,85053,130.03,2006,2097.19,0
Baden-Wuerttemberg,Freiburg im Breisgau,79116,193.88,1921,2435.56,0
Baden-Wuerttemberg,Ulm,89158,123.54,1954,1501.4,0
Nordrhein-Westfalen,Duesseldorf,40622,43.5,1964,598.78,0
Bayern,Regensburg,93050,119.5,1946,1603.29,0
Bayern,Kempten,87439,196.22,2001,1881.12,0
Bayern,Regensburg,93052,164.05,1989,1626.03,0
Bayern,Bamberg,96048,178.22,1969,1437.56,0
Baden-Wuerttemberg,Ludwigsburg,71649,131.84,1973,1359.7,0
Bayern,Erlangen,91055,121.38,1959,1379.02,0
Bayern,Muenchen,84262,43.19,1945,813.88,0
Nordrhein-Westfalen,Bochum,44814,68.27,1952,579.21,0
Nordrhein-Westfalen,Duesseldorf,40356,167.23,1959,1276.07,0
Bayern,Aschaffenburg,63740,108.41,1991,1199.23,0
Bayern,Bayreuth,95444,49.74,2000,764.74,0
Bayern,Erlangen,91053,62.8,1970,948.02,0
Nordrhein-Westfalen,Koeln,51382,49.52,1948,757.5,0
Baden-Wuerttemberg,Ulm,89101,66.61,1929,1120.38,0
Bayern,Regensburg,93049,199.69,1976,1675.34,0
Baden-Wuerttemberg,Stuttgart,70412,56.95,1956,942.09,0
Bayern,Fuerth,90764,169.18,1983,1510.04,0
Nordrhein-Westfalen,Bochum,44886,177.98,1935,1240.63,0
Hessen,Hanau,63454,199.86,1957,1321.3,0
Baden-Wuerttemberg,Stuttgart,70204,169.38,1971,2260.58,0
Bayern,Muenchen,82404,107.86,1966,1555.62,0
Nordrhein-Westfalen,Koeln,50707,147.23,1960,1245.99,0
Baden-Wuerttemberg,Reutlingen,72769,119.37,1996,1226.66,0
Nordrhein-Westfalen,Koeln,51314,46.26,1975,618.13,0
Bayern,Wuerzburg,97079,84.82,1984,1105.69,0
Nordrhein-Westfalen,Bochum,44844,190.94,1947,1173.94,0
Baden-Wuerttemberg,Karlsruhe,76228,137.32,1952,1279.21,0
Bayern,Regensburg,93054,104.28,1978,1299.06,0
Bayern,Freising,85354,25.4,1986,444.39,0
Bayern,Freising,85356,184.17,1962,1596.22,0
Baden-Wuerttemberg,Karlsruhe,76225,68.31,1965,819.94,0
Bayern,Augsburg,86192,68.13,1998,1094.81,0
Bayern,Schweinfurt,97421,137.19,2022,2084.76,0
Bayern,Landshut,84033,152.36,2023,2700.44,0
Bayern,Kempten,87437,41.97,1972,571.01,0
Bayern,Straubing,94315,25.17,1994,339.78,0
Bayern,Muenchen,85444,85.28,2012,1913.01,0
Bayern,Erlangen,91057,43.37,1984,671.26,0
Bayern,Schweinfurt,97422,66.48,1977,708.87,0
Nordrhein-Westfalen,Bochum,44826,38.59,1968,384.89,0
Bayern,Fuerth,90763,24.41,1970,363.84,0
Bayern,Kaufbeuren,87602,75.41,2010,1163.61,0
Bayern,Erlangen,91056,179.55,2001,2252.33,0
Hessen,Hanau,63453,76.43,1951,927.65,0
Bayern,Hof,95031,23.28,1995,302.04,0
Hessen,Hanau,63452,174.48,1960,1369.37,0
Bayern,Fuerth,90765,188.82,1955,1334.29,0
Bayern,Regensburg,93052,61.13,1985,873.53,0
Bayern,Memmingen,87701,178.38,1959,1012.39,0
Bayern,Kaufbeuren,87601,150.88,1980,1088.86,0
Bayern,Memmingen,87702,137.02,2005,1698.85,0
Bayern,Erlangen,91057,107.96,2004,1789.84,0
Baden-Wuerttemberg,Ulm,89089,64.65,1972,1009.92,0
Bayern,Augsburg,86170,157.99,1989,1582.57,0
Nordrhein-Westfalen,Duesseldorf,40307,103.37,1953,1065.79,0
Bayern,Neu-Ulm,89231,67.75,1971,969.96,0
Baden-Wuerttemberg,Karlsruhe,76219,97.88,1941,1317.07,0
Baden-Wuerttemberg,Ulm,89099,117.46,1984,1589.39,0
Bayern,Fuerth,90763,142.43,1998,1736.69,0
Bayern,Rosenheim,83024,24.44,2009,440.03,0
Bayern,Wuerzburg,97080,21.26,2012,465.9,0
Bayern,Dachau,85221,184.77,1967,1587.33,0
Bayern,Hof,95032,94.69,1950,602.96,0
Bayern,Aschaffenburg,63739,40.12,1979,525.54,0
Baden-Wuerttemberg,Stuttgart,70180,163.5,1931,2487.63,0
Baden-Wuerttemberg,Ulm,89094,129.17,1975,1668.74,0
Bayern,Landshut,84028,148.63,1984,1464.18,0
Baden-Wuerttemberg,Mannheim,68217,108.51,1958,1110.13,0
Bayern,Straubing,94316,166.83,1979,1137.02,0
Baden-Wuerttemberg,Karlsruhe,76131,66.93,1962,841.86,0
Bayern,Dachau,85221,93.21,2000,1505.01,0
Bayern,Schweinfurt,97421,107.01,1959,825.71,0
Bayern,Freising,85354,95.04,1998,1464.18,0
Bayern,Passau,94036,193.2,1980,1317.04,0
Bayern,Augsburg,86174,151.35,1953,1381.5,0
Baden-Wuerttemberg,Mannheim,68258,125.83,1990,1356.48,0
Hessen,Hanau,63450,20.85,1943,327.01,0
Bayern,Kaufbeuren,87600,34.99,1968,397.27,0
Nordrhein-Westfalen,Duesseldorf,40281,167.55,1965,1295.18,0
Nordrhein-Westfalen,Aachen,52071,134.4,1974,1267.28,0
Bayern,Nuernberg,90454,21.13,1997,374.82,0
Bayern,Schweinfurt,97423,188.82,2007,1738.75,0
Hessen,Hanau,63455,137.03,1964,1266.1,0
Bayern,Muenchen,82914,51.84,1990,915.66,0
Baden-Wuerttemberg,Reutlingen,72764,98.79,1963,844.17,0
Baden-Wuerttemberg,Mannheim,68168,135.77,1965,1219.14,0
Bayern,Bamberg,96048,141.96,2009,2030.02,0
Bayern,Kaufbeuren,87601,64.04,2002,904.08,0
Bayern,Muenchen,81241,107.84,1964,1595.05,0
Bayern,Memmingen,87700,129.37,1997,1366.65,0
Nordrhein-Westfalen,Bochum,44818,134.02,1989,946.14,0
Bayern,Nuernberg,90478,93.74,1961,1019.67,0
Nordrhein-Westfalen,Bochum,44872,174.5,1939,1191.49,0
Bayern,Bayreuth,95445,44.73,1980,594.08,0
Bayern,Rosenheim,83023,191.81,2002,1927.07,0
Nordrhein-Westfalen,Bochum,44792,69.34,1934,790.77,0
Baden-Wuerttemberg,Mannheim,68286,139.3,1980,1408.93,0
Nordrhein-Westfalen,Koeln,50944,48.15,1960,623.65,0
Bayern,Rosenheim,83022,168.18,2011,2260.5,0
Nordrhein-Westfalen,Aachen,52063,119.73,1950,1098.3,0
Bayern,Dachau,85221,37.79,1966,582.58,0
Bayern,Bamberg,96050,59.2,1972,747.96,0
Bayern,Passau,94034,87.6,1996,1142.41,0
Bayern,Landshut,84033,67.36,1961,769.81,0
Nordrhein-Westfalen,Duesseldorf,40520,150.36,1982,1438.9,0
Bayern,Straubing,94315,106.7,1997,1157.5,0
Bayern,Nuernberg,90470,186.45,1968,1371.43,0
Bayern,Wuerzburg,97082,108.3,2008,1819.02,0
Bayern,Augsburg,86185,196.3,1993,1778.1,0
Bayern,Kempten,87437,155.18,1997,1627.93,0
Bayern,Neu-Ulm,89232,48.03,1992,782.95,0
Bayern,Bayreuth,95446,157.62,1994,1539.71,0
Bayern,Aschaffenburg,63743,178.26,1991,1379.45,0
Bayern,Fuerth,90768,63.72,1953,813.24,0
Nordrhein-Westfalen,Koeln,50962,80.14,1957,896.94,0
Baden-Wuerttemberg,Stuttgart,70543,95.58,1972,1568.96,0
Bayern,Memmingen,87700,161.96,1992,1326.51,0
Bayern,Muenchen,81326,188.05,1976,2253.73,0
Bayern,Erlangen,91053,96.53,2000,1553.47,0
Bayern,Landshut,84029,29.81,2019,643.51,0
Bayern,Fuerth,90765,145.5,1977,1460.49,0
Bayern,Dachau,85222,147.77,1983,1680.62,0
Bayern,Kaufbeuren,87600,36.0,2006,603.48,0
Nordrhein-Westfalen,Koeln,51102,103.1,1945,1300.88,0
Bayern,Passau,94036,196.79,1958,1109.0,0
Bayern,Nuernberg,90441,118.39,2005,1786.1,0
Bayern,Fuerth,90763,95.1,1982,1151.79,0
Bayern,Hof,95031,153.17,1969,744.72,0
Bayern,Augsburg,86167,119.5,1980,1428.07,0
Bayern,Aschaffenburg,63739,76.74,1992,967.97,0
Bayern,Schweinfurt,97423,179.38,1969,987.46,0
Bayern,Aschaffenburg,63743,107.89,1976,1149.22,0
Bayern,Hof,95032,64.96,2004,739.57,0
Bayern,Muenchen,83558,90.81,2010,1908.89,0
Bayern,Ingolstadt,85053,126.96,1989,1520.23,0
Bayern,Aschaffenburg,63739,31.22,1994,486.67,0
Nordrhein-Westfalen,Duesseldorf,40487,192.43,1971,1443.78,0
Bayern,Ingolstadt,85052,164.54,1971,1711.68,0
Nordrhein-Westfalen,Bochum,44788,33.05,1962,366.99,0
Bayern,Freising,85355,94.81,1980,1285.97,0
Bayern,Landshut,84032,69.89,1981,899.77,0
Bayern,Freising,85354,29.25,1962,433.44,0
Bayern,Erlangen,91053,56.21,1953,763.84,0
Baden-Wuerttemberg,Stuttgart,70213,134.18,1973,1938.6,0
Bayern,Hof,95030,42.06,1960,386.52,0
Bayern,Bayreuth,95447,33.69,1987,482.64,0
Bayern,Bayreuth,95445,120.33,1992,1302.91,0
Bayern,Erlangen,91057,34.3,1951,510.31,0
Bayern,Neu-Ulm,89232,169.29,1956,1543.21,0
Bayern,Wuerzburg,97080,29.78,1979,459.21,0
Bayern,Augsburg,86158,164.92,2012,2494.6,0
Bayern,Aschaffenburg,63743,52.97,1994,762.42,0
Bayern,Bamberg,96051,157.33,1958,1220.64,0
Bayern,Rosenheim,83026,197.02,1985,1415.47,0
Bayern,Dachau,85221,88.65,1993,1283.82,0
Bayern,Rosenheim,83023,88.49,1997,1177.56,0
Bayern,Ingolstadt,85053,87.35,2022,1908.43,0
Bayern,Ingolstadt,85055,197.06,1986,1826.95,0
Bayern,Memmingen,87702,75.54,1987,818.84,0
Bayern,Bamberg,96051,25.79,1966,319.72,0
Bayern,Fuerth,90767,37.56,1974,543.99,0
Bayern,Aschaffenburg,63741,176.05,1986,1377.66,0
Bayern,Passau,94033,167.12,1982,1349.48,0
Nordrhein-Westfalen,Bochum,44809,111.03,1950,748.91,0
Bayern,Kaufbeuren,87601,77.0,2015,1258.4,0
Nordrhein-Westfalen,Bochum,44881,38.09,1967,415.36,0
Bayern,Hof,95032,28.79,1989,256.63,0
Bayern,Bamberg,96048,59.7,1966,733.45,0
Bayern,Aschaffenburg,63739,80.41,2010,1371.57,0
Bayern,Augsburg,86177,188.57,1967,1461.74,0
Bayern,Hof,95030,24.86,1996,289.01,0
Bayern,Fuerth,90766,35.95,2002,620.65,0
Bayern,Wuerzburg,97079,81.78,1971,1096.93,0
Bayern,Rosenheim,83024,196.32,1966,1163.61,0
Bayern,Erlangen,91054,73.42,1985,1039.87,0
Bayern,Kaufbeuren,87601,39.28,1980,496.29,0
Bayern,Freising,85355,158.34,1971,1741.96,0
Bayern,Aschaffenburg,63740,132.75,1949,1138.63,0
Bayern,Straubing,94315,35.06,2004,540.48,0
Bayern,Passau,94032,64.69,1988,775.49,0
Bayern,Erlangen,91053,133.56,2006,2107.86,0
Bayern,Dachau,85221,146.56,1992,1721.64,0
Bayern,Dachau,85221,155.48,1975,1727.26,0
Bayern,Straubing,94315,154.81,1984,1125.76,0
Bayern,Wuerzburg,97079,180.56,1976,1644.14,0
Bayern,Memmingen,87702,109.48,1935,1241.36,0
Bayern,Passau,94034,102.52,1986,1121.0,0
Bayern,Kaufbeuren,87600,141.58,1980,1066.77,0
Bayern,Neu-Ulm,89232,64.84,1982,953.42,0
Bayern,Schweinfurt,97421,165.57,2006,1668.44,0
Bayern,Bamberg,96049,181.83,2016,2567.49,0
Bayern,Dachau,85221,92.57,1980,1251.32,0
Bayern,Landshut,84031,164.31,2010,2276.39,0
Bayern,Straubing,94316,124.69,2003,1481.12,0
Bayern,Passau,94034,184.66,1978,1333.01,0
Bayern,Fuerth,90768,99.56,1971,1172.57,0
Bayern,Neu-Ulm,89232,53.25,1965,745.14,0
Bayern,Aschaffenburg,63739,133.0,1995,1444.67,0
Bayern,Erlangen,91053,82.11,1958,1033.51,0
Bayern,Hof,95028,50.87,1971,471.48,0
Bayern,Straubing,94316,96.2,2004,1254.44,0
Bayern,Straubing,94315,33.88,1985,411.65,0
Bayern,Passau,94035,110.61,2004,1521.2,0
Bayern,Fuerth,90766,175.16,2010,2416.07,0
Bayern,Memmingen,87700,130.89,1948,1372.47,0
Bayern,Passau,94036,199.85,2008,2216.53,0
Bayern,Augsburg,86186,71.96,2011,1334.83,0
Bayern,Neu-Ulm,89233,166.49,1975,1704.89,0
Bayern,Nuernberg,90453,60.97,1947,927.2,0
Bayern,Muenchen,81756,122.86,1996,1989.28,0
Bayern,Schweinfurt,97424,40.85,1995,508.79,0
Bayern,Rosenheim,83025,170.96,1997,1662.26,0
Bayern,Straubing,94316,64.25,1994,809.0,0
Bayern,Passau,94034,89.74,2008,1379.0,0
Bayern,Muenchen,81035,99.58,1989,1546.93,0
Bayern,Kaufbeuren,87600,156.6,2013,1974.01,0
Bayern,Aschaffenburg,63739,40.42,1982,544.22,0
Bayern,Landshut,84030,141.15,1991,1448.81,0
Bayern,Nuernberg,90451,137.17,1996,1584.39,0
Bayern,Aschaffenburg,63742,97.23,1962,1000.18,0
Bayern,Aschaffenburg,63741,149.52,2036,3071.0,0
Bayern,Aschaffenburg,63742,144.89,1972,1300.96,0
Bayern,Muenchen,84507,199.04,2006,3075.6,0
Bayern,Rosenheim,83026,149.46,1971,1379.42,0
Bayern,Hof,95031,83.11,1954,557.23,0
Bayern,Straubing,94316,20.02,2022,446.92,0
Bayern,Augsburg,86197,144.7,1977,1525.11,0
Bayern,Landshut,84029,85.69,1981,1036.99,0
Bayern,Nuernberg,90448,107.28,1995,1370.71,0
Bayern,Muenchen,81131,153.33,1984,2022.94,0
Bayern,Passau,94034,77.21,2019,1462.02,0
Bayern,Aschaffenburg,63741,92.72,2008,1518.1,0
Bayern,Muenchen,81023,81.45,1984,1336.19,0
Bayern,Nuernberg,90470,43.27,1985,622.25,0
Bayern,Kaufbeuren,87602,145.55,2011,1863.53,0
Bayern,Landshut,84031,57.61,2011,1085.99,0
Bayern,Erlangen,91057,168.02,1979,1744.46,0
Bayern,Nuernberg,90420,75.88,2012,1423.35,0
Bayern,Landshut,84028,125.61,2008,1898.17,0
Bayern,Bamberg,96047,50.09,1988,670.55,0
Bayern,Fuerth,90764,101.39,2020,2008.51,0
Bayern,Nuernberg,90417,192.96,1988,1552.67,0
Bayern,Dachau,85221,112.22,2011,1996.84,0
Bayern,Muenchen,83074,104.63,1992,1657.06,0
Bayern,Erlangen,91053,38.89,1959,572.72,0
Bayern,Fuerth,90763,130.77,1983,1420.18,0
Bayern,Landshut,84030,42.84,1994,616.36,0
Bayern,Landshut,84029,39.23,1961,567.61,0
Bayern,Landshut,84033,171.88,1966,1353.75,0
Bayern,Passau,94034,188.43,1975,1307.99,0
Bayern,Muenchen,84215,175.74,2020,3482.8,0
Bayern,Dachau,85222,103.81,1965,1254.73,0
Bayern,Passau,94033,60.01,1999,883.21,0
Bayern,Bamberg,96051,180.31,2002,2020.91,0
Bayern,Bamberg,96050,137.95,2008,1914.03,0
Bayern,Augsburg,86196,140.78,1975,1541.82,0
Bayern,Straubing,94316,157.27,2015,2121.18,0
Bayern,Ingolstadt,85052,183.38,1966,1609.03,0
Bayern,Schweinfurt,97423,90.7,1964,747.76,0
Bayern,Kaufbeuren,87601,136.91,2006,1613.49,0
Bayern,Augsburg,86182,30.88,2018,712.11,0
Bayern,Bamberg,96047,84.8,2019,1579.42,0
Bayern,Dachau,85221,85.0,1997,1295.26,0
Bayern,Ingolstadt,85052,123.66,2009,2083.14,0
Bayern,Dachau,85221,40.82,1978,672.81,0
Bayern,Augsburg,86191,122.48,1944,1568.35,0
Bayern,Schweinfurt,97422,22.76,1991,292.59,0
Bayern,Schweinfurt,97422,147.9,1979,985.74,0
Bayern,Ingolstadt,85053,152.23,2022,2915.7,0
Bayern,Schweinfurt,97421,149.36,2005,1563.67,0
Bayern,Schweinfurt,97421,113.09,1994,1075.01,0
Bayern,Schweinfurt,97421,157.97,2013,1863.18,0
Bayern,Ingolstadt,85056,91.64,1990,1255.12,0
Bayern,Dachau,85221,76.32,1970,1085.76,0
Bayern,Ingolstadt,85049,117.53,2008,2008.49,0
Bayern,Ingolstadt,85052,196.23,1984,1764.6,0
Bayern,Schweinfurt,97424,130.86,1978,979.03,0
Baden-Wuerttemberg,Ulm,53206,66.61,1945,1351.25,1
Baden-Wuerttemberg,Ulm,94316,117.46,1979,1589.39,1
Baden-Wuerttemberg,Ulm,89082,51.07,1961,1589.39,1
Hessen,Aschaffenburg,63743,187.11,1994,1468.69,1
Niedersachsen,Aschaffenburg,63739,192.88,2036,2126.37,1
Baden-Wuerttemberg,Aschaffenburg,63739,80.41,1986,700.3,1
Niedersachsen,Darmstadt,64291,98.26,1948,2012.74,1
Nordrhein-Westfalen,Darmstadt,64284,66.39,1961,1435.02,1
Bayern,Darmstadt,64292,139.04,1946,2039.31,1
Nordrhein-Westfalen,Bonn,53152,78.33,1995,997.83,1
Hessen,Bonn,53205,62.51,1955,876.07,1
Bayern,Bonn,53130,119.58,1910,1353.71,1
Niedersachsen,Gelsenkirchen,45879,30.78,1991,896.45,1
Hessen,Gelsenkirchen,45892,45.48,1977,717.56,1
Baden-Wuerttemberg,Gelsenkirchen,45884,33.26,1960,290.1,1
Hessen,Essen,45283,141.09,2038,518.75,1
Bayern,Essen,45265,126.4,1979,923.69,1
Nordrhein-Westfalen,Essen,37085,46.25,1966,834.91,1
Nordrhein-Westfalen,Muenster,42321,61.42,1966,1318.25,1
Nordrhein-Westfalen,Muenster,63104,170.22,1999,1191.29,1
Nordrhein-Westfalen,Muenster,48144,169.31,1943,1122.7,1
Baden-Wuerttemberg,Offenbach am Main,63066,32.35,2007,1728.45,1
Niedersachsen,Offenbach am Main,89115,58.48,1908,2112.85,1
Bayern,Offenbach am Main,63068,189.22,1905,1460.36,1
Bayern,Freising,85356,158.34,1924,1762.75,1
Baden-Wuerttemberg,Freising,34282,84.68,2013,1766.86,1
Bayern,Freising,85356,111.68,1950,1762.75,1
Niedersachsen,Osnabrueck,76195,180.98,1934,406.21,1
Niedersachsen,Osnabrueck,57563,72.01,1944,1107.57,1
Niedersachsen,Osnabrueck,49074,162.13,1948,1425.43,1
Nordrhein-Westfalen,Koeln,53137,68.58,1987,1372.88,1
Nordrhein-Westfalen,Koeln,51226,189.92,1937,1734.05,1
Nordrhein-Westfalen,Koeln,50701,116.19,1970,1722.44,1
Baden-Wuerttemberg,Ingolstadt,85053,174.01,1961,1255.12,1
Baden-Wuerttemberg,Ingolstadt,97084,130.03,1956,1826.95,1
Hessen,Ingolstadt,97084,48.49,1959,1711.68,1
Hessen,Regensburg,37085,61.13,1985,2283.66,1
Hessen,Regensburg,93054,75.59,2035,2370.99,1
Niedersachsen,Regensburg,93052,154.81,1951,1602.76,1
Niedersachsen,Oldenburg,61174,88.09,1975,1013.13,1
Nordrhein-Westfalen,Oldenburg,26135,88.09,1954,1517.75,1
Nordrhein-Westfalen,Oldenburg,53173,122.95,1940,1517.75,1
Bayern,Hanau,63456,125.96,1951,1320.34,1
Hessen,Hanau,63455,137.03,1893,1800.68,1
Niedersachsen,Hanau,63452,158.65,1909,1800.68,1
Hessen,Landshut,84028,58.92,1966,2361.36,1
Baden-Wuerttemberg,Landshut,89155,67.36,1961,2361.36,1
Bayern,Landshut,45884,115.89,1963,1272.45,1
Nordrhein-Westfalen,Bielefeld,86192,186.17,1993,1113.96,1
Nordrhein-Westfalen,Bielefeld,44792,24.42,1935,1113.96,1
Bayern,Bielefeld,33670,102.66,1958,1267.97,1
Niedersachsen,Ludwigsburg,71663,111.06,1978,1527.62,1
Niedersachsen,Ludwigsburg,71646,173.48,1997,342.77,1
Niedersachsen,Ludwigsburg,26124,23.15,1932,1321.5,1
Hessen,Straubing,94315,124.69,1975,1821.42,1
Niedersachsen,Straubing,94315,20.02,1985,2121.18,1
Bayern,Straubing,94315,68.33,1955,979.41,1
Baden-Wuerttemberg,Stuttgart,45229,56.95,1949,1029.4,1
Baden-Wuerttemberg,Stuttgart,70243,56.95,2032,1062.42,1
Bayern,Stuttgart,49089,42.61,1971,748.2,1
Hessen,Wiesbaden,58143,122.61,2016,690.72,1
Hessen,Wiesbaden,59785,167.94,1989,2090.98,1
Nordrhein-Westfalen,Wiesbaden,62091,129.83,1907,1389.59,1
Bayern,Bamberg,40307,134.78,2017,1437.56,1
Baden-Wuerttemberg,Bamberg,96051,137.95,2019,2020.91,1
Baden-Wuerttemberg,Bamberg,96051,180.27,1925,1231.57,1
Baden-Wuerttemberg,Giessen,35396,98.05,1915,855.92,1
Bayern,Giessen,35394,45.12,1887,1758.84,1
Niedersachsen,Giessen,35398,45.12,1873,1297.77,1
Nordrhein-Westfalen,Dortmund,53204,125.85,1994,1246.49,1
Niedersachsen,Dortmund,44290,68.45,1966,673.75,1
Nordrhein-Westfalen,Dortmund,84507,85.54,1943,673.75,1
Niedersachsen,Wuppertal,42322,188.95,1960,604.88,1
Nordrhein-Westfalen,Wuppertal,71670,110.52,1972,508.62,1
Nordrhein-Westfalen,Wuppertal,71670,158.51,1946,919.47,1
Niedersachsen,Braunschweig,42258,85.97,2022,1686.71,1
Niedersachsen,Braunschweig,61544,49.33,1911,1309.06,1
Niedersachsen,Braunschweig,44811,139.76,1906,1464.41,1
Nordrhein-Westfalen,Heilbronn,74080,119.2,1939,1552.6,1
Niedersachsen,Heilbronn,74078,69.56,1904,1401.89,1
Baden-Wuerttemberg,Heilbronn,35391,101.19,1943,1679.12,1
Hessen,Pforzheim,75175,85.58,1959,1107.12,1
Nordrhein-Westfalen,Pforzheim,75172,135.62,1971,1154.62,1
Bayern,Pforzheim,75179,32.99,1966,650.17,1
Baden-Wuerttemberg,Duesseldorf,40236,44.1,1945,1311.62,1
Baden-Wuerttemberg,Duesseldorf,74079,112.0,1965,660.42,1
Bayern,Duesseldorf,40217,131.78,1992,1542.29,1
Bayern,Hannover,30363,57.55,1920,1342.34,1
Hessen,Hannover,30578,92.3,1919,1318.68,1
Nordrhein-Westfalen,Hannover,30319,143.16,1931,1311.02,1
Nordrhein-Westfalen,Fulda,36038,77.16,1925,653.5,1
Baden-Wuerttemberg,Fulda,36038,179.55,1929,1304.9,1
Baden-Wuerttemberg,Fulda,36041,147.49,1987,999.04,1
Hessen,Kaufbeuren,73731,136.91,1960,1101.93,1
Niedersachsen,Kaufbeuren,87602,64.04,2015,1613.49,1
Hessen,Kaufbeuren,87600,39.28,2015,1917.11,1
Hessen,Frankfurt am Main,72767,151.73,1886,2445.36,1
Hessen,Frankfurt am Main,97422,126.56,1901,2013.71,1
Hessen,Frankfurt am Main,85054,126.56,1948,1741.9,1
Niedersachsen,Moenchengladbach,41214,31.02,1964,953.45,1
Nordrhein-Westfalen,Moenchengladbach,41163,66.39,1921,925.47,1
Bayern,Moenchengladbach,41212,163.48,1993,960.82,1
Nordrhein-Westfalen,Aachen,52073,54.18,1922,1570.28,1
Nordrhein-Westfalen,Aachen,52072,70.26,2008,618.89,1
Nordrhein-Westfalen,Aachen,52067,67.63,1976,618.89,1
Bayern,Nuernberg,70325,75.88,2005,1048.74,1
Nordrhein-Westfalen,Nuernberg,70325,156.96,1985,1664.02,1
Hessen,Nuernberg,64289,156.96,1917,1371.43,1
Nordrhein-Westfalen,Kempten,87436,128.07,1970,777.43,1
Baden-Wuerttemberg,Kempten,87436,102.68,1975,1360.43,1
Bayern,Kempten,36039,31.97,1995,961.63,1
Hessen,Ruesselsheim am Main,65428,90.3,1987,740.83,1
Hessen,Ruesselsheim am Main,42133,23.17,2000,1590.57,1
Bayern,Ruesselsheim am Main,90448,114.21,1944,1616.26,1
Baden-Wuerttemberg,Heidelberg,63454,176.68,1937,2158.17,1
Niedersachsen,Heidelberg,69120,81.77,1942,856.58,1
Niedersachsen,Heidelberg,79101,172.94,1939,1067.83,1
Bayern,Bayreuth,95447,76.25,1986,1658.03,1
Bayern,Bayreuth,26126,22.3,1979,636.2,1
Bayern,Bayreuth,95445,157.64,2023,1539.71,1
Niedersachsen,Kassel,34219,144.15,1944,1499.91,1
Niedersachsen,Kassel,34256,132.41,1927,962.49,1
Hessen,Kassel,34212,110.76,1966,377.0,1
Niedersachsen,Reutlingen,44232,40.98,1992,576.5,1
Niedersachsen,Reutlingen,44247,144.48,1929,844.17,1
Nordrhein-Westfalen,Reutlingen,63068,40.98,1929,281.53,1
Baden-Wuerttemberg,Esslingen am Neckar,73730,84.19,1936,1623.87,1
Niedersachsen,Esslingen am Neckar,73731,81.9,1930,993.15,1
Baden-Wuerttemberg,Esslingen am Neckar,79100,102.57,1946,993.15,1
Bayern,Rosenheim,83026,196.32,1993,440.03,1
Bayern,Rosenheim,83026,177.08,1902,1177.56,1
Hessen,Rosenheim,83024,38.22,2010,1285.72,1
Bayern,Erlangen,45894,179.55,1953,510.31,1
Bayern,Erlangen,87702,49.23,2009,763.84,1
Niedersachsen,Erlangen,91052,107.96,2006,1669.73,1
Baden-Wuerttemberg,Marburg,35065,147.52,1914,1505.47,1
Bayern,Marburg,35075,84.49,1913,935.32,1
Bayern,Marburg,35060,147.52,1987,991.97,1
Bayern,Muenchen,82973,46.79,1968,813.88,1
Bayern,Muenchen,80390,30.15,1943,1913.01,1
Bayern,Muenchen,82929,122.86,1910,2022.94,1
Hessen,Goettingen,37081,103.36,1981,1753.78,1
Nordrhein-Westfalen,Goettingen,37074,172.82,1948,387.51,1
Niedersachsen,Goettingen,37073,63.85,1940,794.48,1
Niedersachsen,Wolfsburg,38441,32.25,2038,1192.79,1
Niedersachsen,Wolfsburg,38442,37.29,1933,1041.84,1
Niedersachsen,Wolfsburg,38446,175.54,2016,664.73,1
Bayern,Hof,95028,98.26,1919,637.16,1
Bayern,Hof,97072,94.69,1996,681.78,1
Baden-Wuerttemberg,Hof,95029,193.67,1990,471.48,1
Bayern,Fuerth,90767,109.52,1930,1151.79,1
Niedersachsen,Fuerth,90764,109.52,1981,1412.43,1
Hessen,Fuerth,51022,109.52,1971,1420.93,1
Hessen,Passau,94032,64.69,2019,517.19,1
Nordrhein-Westfalen,Passau,94036,110.61,1988,1258.88,1
Niedersachsen,Passau,94035,26.8,2019,774.32,1
Baden-Wuerttemberg,Duisburg,47260,55.03,1968,190.21,1
Baden-Wuerttemberg,Duisburg,47192,197.82,2021,765.83,1
Nordrhein-Westfalen,Duisburg,47066,125.6,1926,719.73,1
Hessen,Neu-Ulm,89233,46.84,1935,490.45,1
Hessen,Neu-Ulm,89232,95.51,1963,1431.76,1
Bayern,Neu-Ulm,83023,166.49,1966,1709.8,1
Niedersachsen,Dachau,85221,95.3,1970,1295.26,1
Bayern,Dachau,48153,170.37,1993,540.41,1
Bayern,Dachau,85222,81.88,2035,540.41,1
Hessen,Memmingen,95032,178.38,1967,1309.77,1
Hessen,Memmingen,70392,75.54,1967,637.25,1
Nordrhein-Westfalen,Memmingen,87701,51.79,1986,1791.47,1
Baden-Wuerttemberg,Karlsruhe,75177,60.57,1940,1346.32,1
Bayern,Karlsruhe,76217,133.09,1940,763.62,1
Niedersachsen,Karlsruhe,76204,149.87,2008,1317.07,1
Bayern,Bochum,85057,160.22,1981,272.98,1
Nordrhein-Westfalen,Bochum,44799,59.31,2036,971.62,1
Hessen,Bochum,44821,33.05,2018,971.62,1
Bayern,Hildesheim,31138,173.01,2023,1228.96,1
Nordrhein-Westfalen,Hildesheim,31137,173.01,1972,864.23,1
Hessen,Hildesheim,31141,47.02,1960,627.17,1
Nordrhein-Westfalen,Mannheim,68230,125.83,1951,758.47,1
Nordrhein-Westfalen,Mannheim,45884,170.29,1919,1451.5,1
Hessen,Mannheim,68159,32.85,1919,458.18,1
Bayern,Freiburg im Breisgau,79113,83.19,2009,1148.95,1
Bayern,Freiburg im Breisgau,60769,151.23,1955,949.41,1
Baden-Wuerttemberg,Freiburg im Breisgau,64296,50.44,1970,1521.73,1
Baden-Wuerttemberg,Tuebingen,44316,50.77,2003,915.54,1
Baden-Wuerttemberg,Tuebingen,97076,51.79,1953,617.45,1
Baden-Wuerttemberg,Tuebingen,30175,134.41,2022,485.17,1
Baden-Wuerttemberg,Schweinfurt,97421,188.82,1978,979.03,1
Baden-Wuerttemberg,Schweinfurt,97422,90.7,1919,1863.18,1
Bayern,Schweinfurt,97424,22.76,1926,926.07,1
Niedersachsen,Augsburg,86191,122.48,1984,2494.6,1
Bayern,Augsburg,38106,157.99,1975,2378.75,1
Baden-Wuerttemberg,Augsburg,86177,196.3,1978,1568.35,1
Bayern,Wuerzburg,97076,91.4,1933,373.55,1
Bayern,Wuerzburg,97075,44.46,1987,1819.02,1
Bayern,Wuerzburg,97079,161.11,1953,1622.31,1
